"repo_name,stars,forks,language,repo_url,username,issues,last_commit,description"
"freeCodeCamp,357938,30549,TypeScript,https://github.com/freeCodeCamp/freeCodeCamp,freeCodeCamp,138,2022-12-06T19:28:07Z,freeCodeCamp.org's open-source codebase and curriculum. Learn to code for free."
"996.ICU,264598,21489,,https://github.com/996icu/996.ICU,996icu,0,2022-12-01T19:01:40Z,Repo for counting stars and contributing. Press F to pay respect to glorious developers."
"free-programming-books,257719,52785,,https://github.com/EbookFoundation/free-programming-books,EbookFoundation,36,2022-12-06T20:25:43Z,:books: Freely available programming books"
"coding-interview-university,240522,64270,,https://github.com/jwasham/coding-interview-university,jwasham,39,2022-12-05T18:46:39Z,A complete computer science study plan to become a software engineer."
"awesome,228897,24574,,https://github.com/sindresorhus/awesome,sindresorhus,20,2022-12-05T22:34:15Z,ğŸ˜ Awesome lists about all kinds of interesting topics"
"developer-roadmap,220424,31880,TypeScript,https://github.com/kamranahmedse/developer-roadmap,kamranahmedse,180,2022-12-06T19:24:19Z,""Interactive roadmaps, guides and other educational content to help developers grow in their careers."""
"public-apis,219203,25066,Python,https://github.com/public-apis/public-apis,public-apis,10,2022-12-06T22:38:58Z,A collective list of free APIs"
"system-design-primer,204936,36868,Python,https://github.com/donnemartin/system-design-primer,donnemartin,166,2022-11-20T11:29:30Z,Learn how to design large-scale systems. Prep for the system design interview.  Includes Anki flashcards."
"vue,201110,33127,TypeScript,https://github.com/vuejs/vue,vuejs,342,2022-12-06T14:35:28Z,""ğŸ–– Vue.js is a progressive, incrementally-adoptable JavaScript framework for building UI on the web."""
"react,198741,41263,JavaScript,https://github.com/facebook/react,facebook,877,2022-12-07T03:04:55Z,""A declarative, efficient, and flexible JavaScript library for building user interfaces."""
"build-your-own-x,177482,17008,,https://github.com/codecrafters-io/build-your-own-x,codecrafters-io,171,2022-12-05T18:15:46Z,Master programming by recreating your favorite technologies from scratch."
"tensorflow,169539,87521,C++,https://github.com/tensorflow/tensorflow,tensorflow,2089,2022-12-07T02:37:35Z,An Open Source Machine Learning Framework for Everyone"
"You-Dont-Know-JS,161996,31651,,https://github.com/getify/You-Dont-Know-JS,getify,81,2022-10-25T19:54:03Z,A book series on JavaScript. @YDKJS on twitter."
"bootstrap,160690,77622,JavaScript,https://github.com/twbs/bootstrap,twbs,255,2022-12-06T21:14:10Z,""The most popular HTML, CSS, and JavaScript framework for developing responsive, mobile first projects on the web."""
"CS-Notes,159506,49519,,https://github.com/CyC2018/CS-Notes,CyC2018,116,2022-11-16T01:48:28Z,:books: æŠ€æœ¯é¢è¯•å¿…å¤‡åŸºç¡€çŸ¥è¯†ã€Leetcodeã€è®¡ç®—æœºæ“ä½œç³»ç»Ÿã€è®¡ç®—æœºç½‘ç»œã€ç³»ç»Ÿè®¾è®¡"
"javascript-algorithms,156190,26008,JavaScript,https://github.com/trekhleb/javascript-algorithms,trekhleb,106,2022-12-05T07:07:27Z,ğŸ“ Algorithms and data structures implemented in JavaScript with explanations and links to further readings"
"ohmyzsh,153009,24799,Shell,https://github.com/ohmyzsh/ohmyzsh,ohmyzsh,243,2022-12-06T21:52:08Z,""ğŸ™ƒ   A delightful community-driven (with 2,000+ contributors) framework for managing your zsh configuration. Includes 300+ optional plugins (rails, git, macOS, hub, docker, homebrew, node, php, python, etc), 140+ themes to spice up your morning, and an auto-update tool so that makes it easy to keep up with the latest updates from the community."""
"Python,149655,38433,Python,https://github.com/TheAlgorithms/Python,TheAlgorithms,6,2022-12-06T21:12:45Z,All Algorithms implemented in Python"
"awesome-python,148983,22249,Python,https://github.com/vinta/awesome-python,vinta,25,2022-12-06T14:28:05Z,""A curated list of awesome Python frameworks, libraries, software and resources"""
"flutter,147009,23913,Dart,https://github.com/flutter/flutter,flutter,11132,2022-12-07T03:33:48Z,Flutter makes it easy and fast to build beautiful apps for mobile and beyond"
"linux,142618,45798,C,https://github.com/torvalds/linux,torvalds,0,2022-12-06T19:05:51Z,Linux kernel source tree"
"gitignore,141536,80500,,https://github.com/github/gitignore,github,0,2022-12-06T14:54:24Z,A collection of useful .gitignore templates"
"vscode,139850,24159,TypeScript,https://github.com/microsoft/vscode,microsoft,6933,2022-12-07T03:38:31Z,Visual Studio Code"
"javascript,129438,24643,JavaScript,https://github.com/airbnb/javascript,airbnb,90,2022-12-06T18:55:58Z,JavaScript Style Guide"
"JavaGuide,129211,42969,Java,https://github.com/Snailclimb/JavaGuide,Snailclimb,64,2022-12-06T03:01:35Z,ã€ŒJavaå­¦ä¹ +é¢è¯•æŒ‡å—ã€ä¸€ä»½æ¶µç›–å¤§éƒ¨åˆ† Java ç¨‹åºå‘˜æ‰€éœ€è¦æŒæ¡çš„æ ¸å¿ƒçŸ¥è¯†ã€‚å‡†å¤‡ Java é¢è¯•ï¼Œé¦–é€‰ JavaGuideï¼"
"computer-science,128963,17067,,https://github.com/ossu/computer-science,ossu,19,2022-12-03T13:59:34Z,:mortar_board: Path to a free self-taught education in Computer Science!"
"Python-100-Days,128290,47601,Python,https://github.com/jackfrued/Python-100-Days,jackfrued,491,2022-11-20T06:22:52Z,Python - 100å¤©ä»æ–°æ‰‹åˆ°å¤§å¸ˆ"
"the-art-of-command-line,121446,12405,,https://github.com/jlevy/the-art-of-command-line,jlevy,97,2022-12-03T16:57:39Z,""Master the command line, in one page"""
"youtube-dl,115516,8409,Python,https://github.com/ytdl-org/youtube-dl,ytdl-org,3878,2022-12-05T09:13:07Z,Command-line program to download videos from YouTube.com and other video sites"
"fucking-algorithm,112437,21885,Markdown,https://github.com/labuladong/fucking-algorithm,labuladong,67,2022-12-06T01:54:00Z,""åˆ·ç®—æ³•å…¨é å¥—è·¯ï¼Œè®¤å‡† labuladong å°±å¤Ÿäº†ï¼English version supported! Crack LeetCode, not only how, but also why. """
"awesome-selfhosted,110799,6688,JavaScript,https://github.com/awesome-selfhosted/awesome-selfhosted,awesome-selfhosted,57,2022-12-06T11:49:23Z,A list of Free Software network services and web applications which can be hosted on your own servers"
"go,106408,15675,Go,https://github.com/golang/go,golang,7694,2022-12-07T03:46:40Z,The Go programming language"
"react-native,106349,22672,JavaScript,https://github.com/facebook/react-native,facebook,2002,2022-12-07T03:36:34Z,A framework for building native applications using React"
"30-seconds-of-code,105391,10969,JavaScript,https://github.com/30-seconds/30-seconds-of-code,30-seconds,0,2022-12-04T20:20:56Z,Short JavaScript code snippets for all your development needs"
"electron,104817,14104,C++,https://github.com/electron/electron,electron,920,2022-12-07T01:56:58Z,"":electron: Build cross-platform desktop apps with JavaScript, HTML, and CSS"""
"d3,103610,23219,JavaScript,https://github.com/d3/d3,d3,3,2022-12-03T18:18:43Z,""Bring data to life with SVG, Canvas and HTML. :bar_chart::chart_with_upwards_trend::tada:"""
"create-react-app,98176,25657,JavaScript,https://github.com/facebook/create-react-app,facebook,1478,2022-12-06T17:11:21Z,Set up a modern web app by running one command."
"axios,97638,10041,JavaScript,https://github.com/axios/axios,axios,268,2022-12-07T02:05:40Z,Promise based HTTP client for the browser and node.js"
"free-programming-books-zh_CN,97577,26839,,https://github.com/justjavac/free-programming-books-zh_CN,justjavac,0,2022-12-05T08:12:22Z,:books: å…è´¹çš„è®¡ç®—æœºç¼–ç¨‹ç±»ä¸­æ–‡ä¹¦ç±ï¼Œæ¬¢è¿æŠ•ç¨¿"
"next.js,97377,21501,JavaScript,https://github.com/vercel/next.js,vercel,1340,2022-12-07T02:17:44Z,The React Framework"
"kubernetes,94264,34575,Go,https://github.com/kubernetes/kubernetes,kubernetes,1627,2022-12-07T02:42:20Z,Production-Grade Container Scheduling and Management"
"awesome-go,92369,10552,Go,https://github.com/avelino/awesome-go,avelino,7,2022-12-05T17:10:02Z,""A curated list of awesome Go frameworks, libraries and software"""
"node,91950,24864,JavaScript,https://github.com/nodejs/node,nodejs,1302,2022-12-07T03:18:33Z,Node.js JavaScript runtime :sparkles::turtle::rocket::sparkles:"
"three.js,87354,33498,JavaScript,https://github.com/mrdoob/three.js,mrdoob,358,2022-12-07T02:42:38Z,JavaScript 3D Library."
"deno,86732,4670,Rust,https://github.com/denoland/deno,denoland,1029,2022-12-07T01:03:59Z,A modern runtime for JavaScript and TypeScript."
"TypeScript,86660,11238,TypeScript,https://github.com/microsoft/TypeScript,microsoft,5688,2022-12-07T01:37:31Z,TypeScript is a superset of JavaScript that compiles to clean JavaScript output."
"terminal,86309,7584,C++,https://github.com/microsoft/terminal,microsoft,1509,2022-12-06T23:33:35Z,""The new Windows Terminal and the original Windows console host, all in the same place!"""
"angular,85311,22633,TypeScript,https://github.com/angular/angular,angular,1137,2022-12-07T00:44:31Z,The modern web developerâ€™s platform"
"the-book-of-secret-knowledge,84069,6675,,https://github.com/trimstray/the-book-of-secret-knowledge,trimstray,0,2022-10-28T10:30:23Z,""A collection of inspiring lists, manuals, cheatsheets, blogs, hacks, one-liners, cli/web tools and more."""
"nodebestpractices,83818,8662,JavaScript,https://github.com/goldbergyoni/nodebestpractices,goldbergyoni,21,2022-12-05T10:57:07Z,:white_check_mark:  The Node.js best practices list (November 2022)"
"ant-design,83219,37132,TypeScript,https://github.com/ant-design/ant-design,ant-design,884,2022-12-07T03:54:12Z,An enterprise-class UI design language and React UI library"
"project-based-learning,83139,11873,,https://github.com/practical-tutorials/project-based-learning,practical-tutorials,17,2022-11-20T19:17:38Z,Curated list of project-based tutorials"
"tech-interview-handbook,83076,10980,TypeScript,https://github.com/yangshun/tech-interview-handbook,yangshun,16,2022-11-25T16:58:13Z,ğŸ’¯ Curated coding interview preparation materials for busy software engineers"
"material-ui,82999,28628,JavaScript,https://github.com/mui/material-ui,mui,1107,2022-12-07T03:30:38Z,""MUI Core: Ready-to-use foundational React components, free forever. It includes Material UI, which implements Google's Material Design."""
"PowerToys,82951,4749,C#,https://github.com/microsoft/PowerToys,stars,3925,2022-12-07T02:36:07Z,Windows system utilities to maximize productivity"
"puppeteer,81103,8736,TypeScript,https://github.com/puppeteer/puppeteer,puppeteer,258,2022-12-06T19:24:05Z,Headless Chrome Node.js API"
"vue-element-admin,79834,28996,Vue,https://github.com/PanJiaChen/vue-element-admin,PanJiaChen,1162,2022-11-14T08:03:51Z,:tada: A magical vue admin                                                                https://panjiachen.github.io/vue-element-admin"
"java-design-patterns,78673,24361,Java,https://github.com/iluwatar/java-design-patterns,iluwatar,192,2022-12-06T10:33:50Z,Design patterns implemented in Java"
"animate.css,76476,16324,CSS,https://github.com/animate-css/animate.css,animate-css,20,2022-12-05T19:01:13Z,ğŸ¿ A cross-browser library of CSS animations. As easy to use as an easy thing."
"clean-code-javascript,76153,10278,JavaScript,https://github.com/ryanmcdermott/clean-code-javascript,ryanmcdermott,50,2022-12-02T14:17:25Z,:bathtub: Clean Code concepts adapted for JavaScript"
"transformers,75547,17146,Python,https://github.com/huggingface/transformers,huggingface,430,2022-12-07T02:46:04Z,""ğŸ¤— Transformers: State-of-the-art Machine Learning for Pytorch, TensorFlow, and JAX."""
"storybook,75387,7962,TypeScript,https://github.com/storybookjs/storybook,storybookjs,2109,2022-12-07T03:37:44Z,""Storybook is a frontend workshop for building UI components and pages in isolation. Made for UI development, testing, and documentation. """
"rust,75220,10096,Rust,https://github.com/rust-lang/rust,rust-lang,8757,2022-12-07T03:52:15Z,Empowering everyone to build reliable and efficient software."
"models,74809,46100,Python,https://github.com/tensorflow/models,tensorflow,1076,2022-12-06T21:25:48Z,Models and examples built with TensorFlow"
"thefuck,74757,3297,Python,https://github.com/nvbn/thefuck,nvbn,207,2022-11-21T20:27:05Z,Magnificent app which corrects your previous console command."
"scrcpy,73820,7853,C,https://github.com/Genymobile/scrcpy,Genymobile,1154,2022-12-02T18:13:11Z,Display and control your Android device"
"LeetCodeAnimation,71999,13770,Java,https://github.com/MisterBooo/LeetCodeAnimation,MisterBooo,16,2022-03-06T09:10:42Z,Demonstrate all the questions on LeetCode in the form of animation.ï¼ˆç”¨åŠ¨ç”»çš„å½¢å¼å‘ˆç°è§£LeetCodeé¢˜ç›®çš„æ€è·¯ï¼‰"
"laravel,71663,23167,PHP,https://github.com/laravel/laravel,laravel,0,2022-12-01T03:36:15Z,""Laravel is a web application framework with expressive, elegant syntax. Weâ€™ve already laid the foundation for your next big idea â€” freeing you to create without sweating the small things."""
"realworld,70636,6616,TypeScript,https://github.com/gothinkster/realworld,gothinkster,49,2022-12-07T02:46:22Z,""""""The mother of all demo apps"""" â€” Exemplary fullstack Medium.com clone powered by React, Angular, Node, Django, and many more ğŸ…"""
"Font-Awesome,70556,12245,JavaScript,https://github.com/FortAwesome/Font-Awesome,FortAwesome,5266,2022-12-04T09:42:08Z,""The iconic SVG, font, and CSS toolkit"""
"advanced-java,67828,17922,Java,https://github.com/doocs/advanced-java,doocs,5,2022-11-04T08:34:44Z,ğŸ˜® Core Interview Questions & Answers For Experienced Java(Backend) Developers | äº’è”ç½‘ Java å·¥ç¨‹å¸ˆè¿›é˜¶çŸ¥è¯†å®Œå…¨æ‰«ç›²ï¼šæ¶µç›–é«˜å¹¶å‘ã€åˆ†å¸ƒå¼ã€é«˜å¯ç”¨ã€å¾®æœåŠ¡ã€æµ·é‡æ•°æ®å¤„ç†ç­‰é¢†åŸŸçŸ¥è¯†"
"FiraCode,67633,2917,Clojure,https://github.com/tonsky/FiraCode,tonsky,343,2022-11-10T02:23:13Z,Free monospaced font with programming ligatures"
"django,67600,28280,Python,https://github.com/django/django,django,0,2022-12-06T21:04:16Z,The Web framework for perfectionists with deadlines."
"bitcoin,67273,33379,C++,https://github.com/bitcoin/bitcoin,bitcoin,428,2022-12-06T22:18:40Z,Bitcoin Core integration/staging tree"
"awesome-vue,67140,9197,,https://github.com/vuejs/awesome-vue,vuejs,28,2022-12-02T12:31:32Z,ğŸ‰ A curated list of awesome things related to Vue.js"
"papers-we-love,66188,4976,Shell,https://github.com/papers-we-love/papers-we-love,papers-we-love,11,2022-11-04T21:59:18Z,Papers from the computer science community to read and discuss."
"every-programmer-should-know,65413,6198,,https://github.com/mtdvio/every-programmer-should-know,mtdvio,24,2022-11-23T11:06:04Z,A collection of (mostly) technical things every software developer should know about"
"opencv,65223,53206,C++,https://github.com/opencv/opencv,opencv,2275,2022-12-07T03:24:07Z,Open Source Computer Vision Library"
"gin,64885,7110,Go,https://github.com/gin-gonic/gin,gin-gonic,472,2022-12-06T13:52:54Z,""Gin is a HTTP web framework written in Go (Golang). It features a Martini-like API with much better performance -- up to 40 times faster. If you need smashing performance, get yourself some Gin."""
"moby,64650,18391,Go,https://github.com/moby/moby,moby,4076,2022-12-07T02:00:08Z,Moby Project - a collaborative project for the container ecosystem to assemble container-based systems"
"json-server,64544,6373,JavaScript,https://github.com/typicode/json-server,typicode,562,2022-12-06T16:40:39Z,Get a full fake REST API with zero coding in less than 30 seconds (seriously)"
"spring-boot,64505,37625,Java,https://github.com/spring-projects/spring-boot,spring-projects,538,2022-12-06T20:01:41Z,Spring Boot"
"hugo,64080,6912,Go,https://github.com/gohugoio/hugo,gohugoio,617,2022-12-06T13:58:44Z,The worldâ€™s fastest framework for building websites."
"svelte,63645,3110,TypeScript,https://github.com/sveltejs/svelte,sveltejs,710,2022-12-07T00:35:40Z,Cybernetically enhanced web apps"
"free-for-dev,63208,6899,HTML,https://github.com/ripienaar/free-for-dev,ripienaar,0,2022-12-06T20:22:20Z,""A list of SaaS, PaaS and IaaS offerings that have free tiers of interest to devops and infradev"""
"nvm,63083,6689,Shell,https://github.com/nvm-sh/nvm,nvm-sh,311,2022-12-04T22:27:49Z,Node Version Manager - POSIX-compliant bash script to manage multiple active node.js versions"
"Front-End-Checklist,63063,6088,,https://github.com/thedaviddias/Front-End-Checklist,thedaviddias,8,2022-10-27T15:02:11Z,ğŸ—‚ The perfect Front-End Checklist for modern websites and meticulous developers"
"tailwindcss,62895,3211,JavaScript,https://github.com/tailwindlabs/tailwindcss,tailwindlabs,2,2022-12-05T17:41:00Z,A utility-first CSS framework for rapid UI development."
"reveal.js,62652,16424,JavaScript,https://github.com/hakimel/reveal.js,hakimel,629,2022-12-04T06:42:20Z,The HTML Presentation Framework"
"mall,62556,25992,Java,https://github.com/macrozheng/mall,macrozheng,28,2022-12-05T01:46:49Z,mallé¡¹ç›®æ˜¯ä¸€å¥—ç”µå•†ç³»ç»Ÿï¼ŒåŒ…æ‹¬å‰å°å•†åŸç³»ç»ŸåŠåå°ç®¡ç†ç³»ç»Ÿï¼ŒåŸºäºSpringBoot+MyBatiså®ç°ï¼Œé‡‡ç”¨Dockerå®¹å™¨åŒ–éƒ¨ç½²ã€‚ å‰å°å•†åŸç³»ç»ŸåŒ…å«é¦–é¡µé—¨æˆ·ã€å•†å“æ¨èã€å•†å“æœç´¢ã€å•†å“å±•ç¤ºã€è´­ç‰©è½¦ã€è®¢å•æµç¨‹ã€ä¼šå‘˜ä¸­å¿ƒã€å®¢æˆ·æœåŠ¡ã€å¸®åŠ©ä¸­å¿ƒç­‰æ¨¡å—ã€‚ åå°ç®¡ç†ç³»ç»ŸåŒ…å«å•†å“ç®¡ç†ã€è®¢å•ç®¡ç†ã€ä¼šå‘˜ç®¡ç†ã€ä¿ƒé”€ç®¡ç†ã€è¿è¥ç®¡ç†ã€å†…å®¹ç®¡ç†ã€ç»Ÿè®¡æŠ¥è¡¨ã€è´¢åŠ¡ç®¡ç†ã€æƒé™ç®¡ç†ã€è®¾ç½®ç­‰æ¨¡å—ã€‚"
"frp,62520,10922,Go,https://github.com/fatedier/frp,fatedier,100,2022-12-05T10:19:53Z,A fast reverse proxy to help you expose a local server behind a NAT or firewall to the internet."
"webpack,62165,8567,JavaScript,https://github.com/webpack/webpack,webpack,188,2022-12-06T03:03:06Z,""A bundler for javascript and friends. Packs many modules into a few bundled assets. Code Splitting allows for loading parts of the application on demand. Through """"loaders"""", modules can be CommonJs, AMD, ES6 modules, CSS, Images, JSON, Coffeescript, LESS, ... and your custom stuff."""
"elasticsearch,62099,22513,Java,https://github.com/elastic/elasticsearch,elastic,3520,2022-12-07T03:41:33Z,""Free and Open, Distributed, RESTful Search Engine"""
"HelloGitHub,62094,8360,Python,https://github.com/521xueweihan/HelloGitHub,521xueweihan,62,2022-12-05T07:50:55Z,"":octocat: åˆ†äº« GitHub ä¸Šæœ‰è¶£ã€å…¥é—¨çº§çš„å¼€æºé¡¹ç›®ã€‚Share interesting, entry-level open source projects on GitHub."""
"netdata,61379,5410,C,https://github.com/netdata/netdata,netdata,214,2022-12-07T00:17:02Z,""Real-time performance monitoring, done right! https://www.netdata.cloud"""
"swift,61286,9854,C++,https://github.com/apple/swift,apple,5638,2022-12-07T03:53:22Z,The Swift Programming Language"
"flask,61264,15344,Python,https://github.com/pallets/flask,pallets,7,2022-12-06T00:34:55Z,The Python micro framework for building web applications."
"Web-Dev-For-Beginners,60879,9500,JavaScript,https://github.com/microsoft/Web-Dev-For-Beginners,microsoft,0,2022-12-04T23:23:04Z,""24 Lessons, 12 Weeks, Get Started as a Web Developer"""
"pytorch,60813,16938,C++,https://github.com/pytorch/pytorch,pytorch,9726,2022-12-07T03:51:58Z,Tensors and Dynamic neural networks in Python with strong GPU acceleration"
"app-ideas,60422,8042,,https://github.com/florinpop17/app-ideas,florinpop17,73,2022-12-02T18:28:56Z,A Collection of application ideas which can be used to improve your coding skills."
"datasharing,6212,242045,,https://github.com/jtleek/datasharing,jtleek,296,2022-11-06T11:09:19Z,The Leek group guide to data sharing "
"ProgrammingAssignment2,768,141754,R,https://github.com/rdpeng/ProgrammingAssignment2,rdpeng,188,2022-11-30T14:21:24Z,Repository for Programming Assignment 2 for R Programming on Coursera"
"Spoon-Knife,11418,131390,HTML,https://github.com/octocat/Spoon-Knife,octocat,1606,2022-12-06T23:23:18Z,This repo is for demonstration purposes only."
"SmartThingsPublic,2431,91341,Groovy,https://github.com/SmartThingsCommunity/SmartThingsPublic,SmartThingsCommunity,59,2022-12-01T07:35:47Z,SmartThings open-source DeviceType Handlers and SmartApps code"
"tensorflow,169539,87521,C++,https://github.com/tensorflow/tensorflow,tensorflow,2089,2022-12-07T02:37:35Z,An Open Source Machine Learning Framework for Everyone"
"gitignore,141536,80500,,https://github.com/github/gitignore,github,0,2022-12-06T14:54:24Z,A collection of useful .gitignore templates"
"bootstrap,160690,77622,JavaScript,https://github.com/twbs/bootstrap,twbs,255,2022-12-06T21:14:10Z,""The most popular HTML, CSS, and JavaScript framework for developing responsive, mobile first projects on the web."""
"Complete-Python-3-Bootcamp,22350,75525,Jupyter Notebook,https://github.com/Pierian-Data/Complete-Python-3-Bootcamp,Pierian-Data,92,2022-11-23T12:11:04Z,Course Files for Complete Python 3 Bootcamp Course on Udemy"
"cgm-remote-monitor,1970,67619,JavaScript,https://github.com/nightscout/cgm-remote-monitor,nightscout,138,2022-12-07T00:12:42Z,nightscout web monitor"
"coding-interview-university,240522,64270,,https://github.com/jwasham/coding-interview-university,jwasham,39,2022-12-05T18:46:39Z,A complete computer science study plan to become a software engineer."
"docs,12320,57853,JavaScript,https://github.com/github/docs,github,86,2022-12-07T03:12:57Z,The open-source repo for docs.github.com"
"ExData_Plotting1,223,56532,,https://github.com/rdpeng/ExData_Plotting1,rdpeng,76,2022-11-02T16:40:14Z,Plotting Assignment 1 for Exploratory Data Analysis"
"first-contributions,30374,54763,,https://github.com/firstcontributions/first-contributions,firstcontributions,11,2022-12-07T03:44:28Z,ğŸš€âœ¨ Help beginners to contribute to open source projects"
"opencv,65223,53206,C++,https://github.com/opencv/opencv,opencv,2275,2022-12-07T03:24:07Z,Open Source Computer Vision Library"
"free-programming-books,257719,52785,,https://github.com/EbookFoundation/free-programming-books,EbookFoundation,36,2022-12-06T20:25:43Z,:books: Freely available programming books"
"tutorials,32734,51651,Java,https://github.com/eugenp/tutorials,eugenp,27,2022-12-06T20:10:06Z,""Just Announced - """"Learn Spring Security OAuth"""": """
"CS-Notes,159506,49519,,https://github.com/CyC2018/CS-Notes,CyC2018,116,2022-11-16T01:48:28Z,:books: æŠ€æœ¯é¢è¯•å¿…å¤‡åŸºç¡€çŸ¥è¯†ã€Leetcodeã€è®¡ç®—æœºæ“ä½œç³»ç»Ÿã€è®¡ç®—æœºç½‘ç»œã€ç³»ç»Ÿè®¾è®¡"
"Python-100-Days,128290,47601,Python,https://github.com/jackfrued/Python-100-Days,jackfrued,491,2022-11-20T06:22:52Z,Python - 100å¤©ä»æ–°æ‰‹åˆ°å¤§å¸ˆ"
"models,74809,46100,Python,https://github.com/tensorflow/models,tensorflow,1076,2022-12-06T21:25:48Z,Models and examples built with TensorFlow"
"linux,142618,45798,C,https://github.com/torvalds/linux,torvalds,0,2022-12-06T19:05:51Z,Linux kernel source tree"
"JavaGuide,129211,42969,Java,https://github.com/Snailclimb/JavaGuide,Snailclimb,64,2022-12-06T03:01:35Z,ã€ŒJavaå­¦ä¹ +é¢è¯•æŒ‡å—ã€ä¸€ä»½æ¶µç›–å¤§éƒ¨åˆ† Java ç¨‹åºå‘˜æ‰€éœ€è¦æŒæ¡çš„æ ¸å¿ƒçŸ¥è¯†ã€‚å‡†å¤‡ Java é¢è¯•ï¼Œé¦–é€‰ JavaGuideï¼"
"react,198741,41263,JavaScript,https://github.com/facebook/react,facebook,877,2022-12-07T03:04:55Z,""A declarative, efficient, and flexible JavaScript library for building user interfaces."""
"Python,149655,38433,Python,https://github.com/TheAlgorithms/Python,TheAlgorithms,6,2022-12-06T21:12:45Z,All Algorithms implemented in Python"
"DO180-apps,234,37856,JavaScript,https://github.com/RedHatTraining/DO180-apps,RedHatTraining,0,2022-12-04T15:05:56Z,DO180 Repository for Sample Applications"
"spring-boot,64505,37625,Java,https://github.com/spring-projects/spring-boot,spring-projects,538,2022-12-06T20:01:41Z,Spring Boot"
"patchwork,1059,37316,Rich Text Format,https://github.com/jlord/patchwork,jlord,22,2022-12-06T20:20:58Z,All the Git-it Workshop completers! "
"ant-design,83219,37132,TypeScript,https://github.com/ant-design/ant-design,ant-design,884,2022-12-07T03:54:12Z,An enterprise-class UI design language and React UI library"
"RepData_PeerAssessment1,94,36948,,https://github.com/rdpeng/RepData_PeerAssessment1,rdpeng,6,2022-08-25T17:01:55Z,Peer Assessment 1 for Reproducible Research"
"system-design-primer,204936,36868,Python,https://github.com/donnemartin/system-design-primer,donnemartin,166,2022-11-20T11:29:30Z,Learn how to design large-scale systems. Prep for the system design interview.  Includes Anki flashcards."
"spring-framework,50055,35140,Java,https://github.com/spring-projects/spring-framework,spring-projects,1268,2022-12-07T03:30:40Z,Spring Framework"
"kubernetes,94264,34575,Go,https://github.com/kubernetes/kubernetes,kubernetes,1627,2022-12-07T02:42:20Z,Production-Grade Container Scheduling and Management"
"jekyll-now,7889,34565,CSS,https://github.com/barryclark/jekyll-now,barryclark,143,2022-12-07T01:12:18Z,""Build a Jekyll blog in minutes, without touching the command line."""
"three.js,87354,33498,JavaScript,https://github.com/mrdoob/three.js,mrdoob,358,2022-12-07T02:42:38Z,JavaScript 3D Library."
"bitcoin,67273,33379,C++,https://github.com/bitcoin/bitcoin,bitcoin,428,2022-12-06T22:18:40Z,Bitcoin Core integration/staging tree"
"vue,201110,33127,TypeScript,https://github.com/vuejs/vue,vuejs,342,2022-12-06T14:35:28Z,""ğŸ–– Vue.js is a progressive, incrementally-adoptable JavaScript framework for building UI on the web."""
"css-exercises,788,32127,HTML,https://github.com/TheOdinProject/css-exercises,TheOdinProject,9,2022-12-05T07:11:45Z,"
"developer-roadmap,220424,31880,TypeScript,https://github.com/kamranahmedse/developer-roadmap,kamranahmedse,180,2022-12-06T19:24:19Z,""Interactive roadmaps, guides and other educational content to help developers grow in their careers."""
"You-Dont-Know-JS,161996,31651,,https://github.com/getify/You-Dont-Know-JS,getify,81,2022-10-25T19:54:03Z,A book series on JavaScript. @YDKJS on twitter."
"courses,3928,31556,HTML,https://github.com/DataScienceSpecialization/courses,DataScienceSpecialization,26,2021-03-30T06:51:57Z,Course materials for the Data Science Specialization: https://www.coursera.org/specialization/jhudatascience/1"
"freeCodeCamp,357938,30549,TypeScript,https://github.com/freeCodeCamp/freeCodeCamp,freeCodeCamp,138,2022-12-06T19:28:07Z,freeCodeCamp.org's open-source codebase and curriculum. Learn to code for free."
"it-cert-automation-practice,606,30314,Python,https://github.com/google/it-cert-automation-practice,google,56,2022-12-07T02:16:51Z,Google IT Automation with Python Professional Certificate - Practice files"
"qmk_firmware,13881,29534,C,https://github.com/qmk/qmk_firmware,qmk,262,2022-12-07T03:15:34Z,Open-source keyboard firmware for Atmel AVR and Arm USB families"
"JavaScript30,22187,29079,HTML,https://github.com/wesbos/JavaScript30,wesbos,0,2022-12-05T08:07:58Z,30 Day Vanilla JS Challenge"
"vue-element-admin,79834,28996,Vue,https://github.com/PanJiaChen/vue-element-admin,PanJiaChen,1162,2022-11-14T08:03:51Z,:tada: A magical vue admin                                                                https://panjiachen.github.io/vue-element-admin"
"material-ui,82999,28628,JavaScript,https://github.com/mui/material-ui,mui,1107,2022-12-07T03:30:38Z,""MUI Core: Ready-to-use foundational React components, free forever. It includes Material UI, which implements Google's Material Design."""
"DefinitelyTyped,41841,28380,TypeScript,https://github.com/DefinitelyTyped/DefinitelyTyped,DefinitelyTyped,646,2022-12-07T03:19:01Z,The repository for high quality TypeScript type definitions."
"django,67600,28280,Python,https://github.com/django/django,django,0,2022-12-06T21:04:16Z,The Web framework for perfectionists with deadlines."
"angular.js,59337,28198,JavaScript,https://github.com/angular/angular.js,angular,391,2022-04-12T15:57:22Z,AngularJS - HTML enhanced for web apps!"
"free-programming-books-zh_CN,97577,26839,,https://github.com/justjavac/free-programming-books-zh_CN,justjavac,0,2022-12-05T08:12:22Z,:books: å…è´¹çš„è®¡ç®—æœºç¼–ç¨‹ç±»ä¸­æ–‡ä¹¦ç±ï¼Œæ¬¢è¿æŠ•ç¨¿"
"spark,34518,26383,Scala,https://github.com/apache/spark,apache,0,2022-12-07T03:53:01Z,Apache Spark - A unified analytics engine for large-scale data processing"
"Curso.Prep.Henry,967,26287,JavaScript,https://github.com/atralice/Curso.Prep.Henry,atralice,0,2022-12-06T15:10:34Z,Curso de PreparaciÃ³n para Ingresar a Henry."
"javascript-algorithms,156190,26008,JavaScript,https://github.com/trekhleb/javascript-algorithms,trekhleb,106,2022-12-05T07:07:27Z,ğŸ“ Algorithms and data structures implemented in JavaScript with explanations and links to further readings"
"mall,62556,25992,Java,https://github.com/macrozheng/mall,macrozheng,28,2022-12-05T01:46:49Z,mallé¡¹ç›®æ˜¯ä¸€å¥—ç”µå•†ç³»ç»Ÿï¼ŒåŒ…æ‹¬å‰å°å•†åŸç³»ç»ŸåŠåå°ç®¡ç†ç³»ç»Ÿï¼ŒåŸºäºSpringBoot+MyBatiså®ç°ï¼Œé‡‡ç”¨Dockerå®¹å™¨åŒ–éƒ¨ç½²ã€‚ å‰å°å•†åŸç³»ç»ŸåŒ…å«é¦–é¡µé—¨æˆ·ã€å•†å“æ¨èã€å•†å“æœç´¢ã€å•†å“å±•ç¤ºã€è´­ç‰©è½¦ã€è®¢å•æµç¨‹ã€ä¼šå‘˜ä¸­å¿ƒã€å®¢æˆ·æœåŠ¡ã€å¸®åŠ©ä¸­å¿ƒç­‰æ¨¡å—ã€‚ åå°ç®¡ç†ç³»ç»ŸåŒ…å«å•†å“ç®¡ç†ã€è®¢å•ç®¡ç†ã€ä¼šå‘˜ç®¡ç†ã€ä¿ƒé”€ç®¡ç†ã€è¿è¥ç®¡ç†ã€å†…å®¹ç®¡ç†ã€ç»Ÿè®¡æŠ¥è¡¨ã€è´¢åŠ¡ç®¡ç†ã€æƒé™ç®¡ç†ã€è®¾ç½®ç­‰æ¨¡å—ã€‚"
"create-react-app,98176,25657,JavaScript,https://github.com/facebook/create-react-app,facebook,1478,2022-12-06T17:11:21Z,Set up a modern web app by running one command."
"dubbo,38170,25461,Java,https://github.com/apache/dubbo,apache,507,2022-12-07T03:04:24Z,""Apache Dubbo is a high-performance, java based, open source RPC framework."""
"cpython,49335,25139,Python,https://github.com/python/cpython,python,6652,2022-12-07T02:44:48Z,The Python programming language"
"public-apis,219203,25066,Python,https://github.com/public-apis/public-apis,public-apis,10,2022-12-06T22:38:58Z,A collective list of free APIs"
"AspNetCore.Docs,11166,25055,C#,https://github.com/dotnet/AspNetCore.Docs,dotnet,484,2022-12-07T02:13:20Z,Documentation for ASP.NET Core"
"node,91950,24864,JavaScript,https://github.com/nodejs/node,nodejs,1302,2022-12-07T03:18:33Z,Node.js JavaScript runtime :sparkles::turtle::rocket::sparkles:"
"ohmyzsh,153009,24799,Shell,https://github.com/ohmyzsh/ohmyzsh,ohmyzsh,243,2022-12-06T21:52:08Z,""ğŸ™ƒ   A delightful community-driven (with 2,000+ contributors) framework for managing your zsh configuration. Includes 300+ optional plugins (rails, git, macOS, hub, docker, homebrew, node, php, python, etc), 140+ themes to spice up your morning, and an auto-update tool so that makes it easy to keep up with the latest updates from the community."""
"javascript,129438,24643,JavaScript,https://github.com/airbnb/javascript,airbnb,90,2022-12-06T18:55:58Z,JavaScript Style Guide"
"awesome,228897,24574,,https://github.com/sindresorhus/awesome,sindresorhus,20,2022-12-05T22:34:15Z,ğŸ˜ Awesome lists about all kinds of interesting topics"
"academicpages.github.io,6906,24367,JavaScript,https://github.com/academicpages/academicpages.github.io,academicpages,152,2022-12-06T23:37:11Z,""Github Pages template for academic personal websites, forked from mmistakes/minimal-mistakes"""
"git,44476,24364,C,https://github.com/git/git,git,0,2022-12-06T21:52:44Z,Git Source Code Mirror - This is a publish-only repository but pull requests can be turned into patches to the mailing list via GitGitGadget (https://gitgitgadget.github.io/). Please follow Documentation/SubmittingPatches procedure for any of your improvements."
"java-design-patterns,78673,24361,Java,https://github.com/iluwatar/java-design-patterns,iluwatar,192,2022-12-06T10:33:50Z,Design patterns implemented in Java"
"vscode,139850,24159,TypeScript,https://github.com/microsoft/vscode,microsoft,6934,2022-12-07T03:38:31Z,Visual Studio Code"
"flutter,147009,23913,Dart,https://github.com/flutter/flutter,flutter,11132,2022-12-07T03:33:48Z,Flutter makes it easy and fast to build beautiful apps for mobile and beyond"
"scikit-learn,52250,23756,Python,https://github.com/scikit-learn/scikit-learn,scikit-learn,1541,2022-12-07T02:23:40Z,scikit-learn: machine learning in Python"
"d3,103610,23219,JavaScript,https://github.com/d3/d3,d3,3,2022-12-03T18:18:43Z,""Bring data to life with SVG, Canvas and HTML. :bar_chart::chart_with_upwards_trend::tada:"""
"laravel,71663,23167,PHP,https://github.com/laravel/laravel,laravel,0,2022-12-01T03:36:15Z,""Laravel is a web application framework with expressive, elegant syntax. Weâ€™ve already laid the foundation for your next big idea â€” freeing you to create without sweating the small things."""
"learning-area,5463,23183,HTML,https://github.com/mdn/learning-area,mdn,14,2022-12-02T05:59:23Z,Github repo for the MDN Learning Area. "
"ansible,55659,22745,Python,https://github.com/ansible/ansible,ansible,635,2022-12-06T23:15:10Z,""Ansible is a radically simple IT automation platform that makes your applications and systems easier to deploy and maintain. Automate everything from code deployment to network configuration to cloud management, in a language that approaches plain English, using SSH, with no agents to install on remote systems. https://docs.ansible.com."""
"react-native,106349,22672,JavaScript,https://github.com/facebook/react-native,facebook,2002,2022-12-07T03:36:34Z,A framework for building native applications using React"
"angular,85311,22633,TypeScript,https://github.com/angular/angular,angular,1137,2022-12-07T00:44:31Z,The modern web developerâ€™s platform"
"elasticsearch,62099,22513,Java,https://github.com/elastic/elasticsearch,elastic,3520,2022-12-07T03:41:33Z,""Free and Open, Distributed, RESTful Search Engine"""
"frontend-nanodegree-resume,1162,22451,JavaScript,https://github.com/udacity/frontend-nanodegree-resume,udacity,1,2022-06-28T08:19:07Z,This repository is used for one of the projects in Udacity's Front-End Web Developer Nanodegree program. Learn how to become a Front-End Developer today with line-by-line code reviewed projects and get a job with career services!"
"awesome-python,148983,22249,Python,https://github.com/vinta/awesome-python,vinta,25,2022-12-06T14:28:05Z,""A curated list of awesome Python frameworks, libraries, software and resources"""
"redis,57816,22032,C,https://github.com/redis/redis,redis,1755,2022-12-06T10:22:36Z,""Redis is an in-memory database that persists on disk. The data model is key-value, but many different kind of values are supported: Strings, Lists, Sets, Sorted Sets, Hashes, Streams, HyperLogLogs, Bitmaps."""
"mslearn-tailspin-spacegame-web,115,22068,HTML,https://github.com/MicrosoftDocs/mslearn-tailspin-spacegame-web,MicrosoftDocs,10,2022-12-06T17:26:47Z,Code used in Microsoft Learn modules to support Azure DevOps"
"fucking-algorithm,112437,21885,Markdown,https://github.com/labuladong/fucking-algorithm,labuladong,67,2022-12-06T01:54:00Z,""åˆ·ç®—æ³•å…¨é å¥—è·¯ï¼Œè®¤å‡† labuladong å°±å¤Ÿäº†ï¼English version supported! Crack LeetCode, not only how, but also why. """
"slate,34725,21798,SCSS,https://github.com/slatedocs/slate,slatedocs,47,2022-11-28T15:42:49Z,Beautiful static documentation for your API"
"SecLists,43464,21694,PHP,https://github.com/danielmiessler/SecLists,danielmiessler,23,2022-11-27T17:48:30Z,""SecLists is the security tester's companion. It's a collection of multiple types of lists used during security assessments, collected in one place. List types include usernames, passwords, URLs, sensitive data patterns, fuzzing payloads, web shells, and many more."""
"Prep-Course,497,21593,JavaScript,https://github.com/soyHenry/Prep-Course,soyHenry,0,2022-12-06T01:26:11Z,"
"simple-java-maven-app,319,21605,Java,https://github.com/jenkins-docs/simple-java-maven-app,jenkins-docs,2,2022-12-06T04:15:24Z,For an introductory tutorial on how to use Jenkins to build a simple Java application with Maven."
"next.js,97377,21501,JavaScript,https://github.com/vercel/next.js,vercel,1340,2022-12-07T02:17:44Z,The React Framework"
"996.ICU,264598,21489,,https://github.com/996icu/996.ICU,996icu,0,2022-12-01T19:01:40Z,Repo for counting stars and contributing. Press F to pay respect to glorious developers."
"minimal-mistakes,10369,21092,HTML,https://github.com/mmistakes/minimal-mistakes,mmistakes,17,2022-12-06T15:43:04Z,"":triangular_ruler: Jekyll theme for building a personal site, blog, project documentation, or portfolio."""
"core,56468,20807,Python,https://github.com/home-assistant/core,home-assistant,1720,2022-12-07T03:35:31Z,:house_with_garden: Open source home automation that puts local control and privacy first."
"darknet,23587,20806,C,https://github.com/pjreddie/darknet,pjreddie,1776,2022-11-04T13:27:54Z,Convolutional Neural Networks"
"rails,51882,20793,Ruby,https://github.com/rails/rails,rails,339,2022-12-07T02:39:49Z,Ruby on Rails"
"jquery,57003,20654,JavaScript,https://github.com/jquery/jquery,jquery,75,2022-12-01T13:28:44Z,jQuery JavaScript Library"
"recipes,76,20559,,https://github.com/LarryMad/recipes,LarryMad,2,2022-11-09T10:16:06Z,"
"FreeRDP,7650,19675,C,https://github.com/FreeRDP/FreeRDP,FreeRDP,480,2022-12-07T02:04:52Z,FreeRDP is a free remote desktop protocol library and clients"
"echarts,53563,19285,TypeScript,https://github.com/apache/echarts,apache,2146,2022-12-05T01:02:08Z,""Apache ECharts is a powerful, interactive charting and data visualization library for browser"""
"keras,56789,19223,Python,https://github.com/keras-team/keras,keras-team,265,2022-12-07T00:29:51Z,Deep Learning for humans"
"shadowsocks,33252,19173,Python,https://github.com/shadowsocks/shadowsocks,shadowsocks,0,2022-11-27T06:10:06Z,"
"caffe,33012,18979,C++,https://github.com/BVLC/caffe,BVLC,895,2022-11-23T21:08:39Z,Caffe: a fast open framework for deep learning."
"Best-README-Template,8633,18860,,https://github.com/othneildrew/Best-README-Template,othneildrew,2,2022-11-24T13:33:19Z,An awesome README template to jumpstart your projects! "
"dotfiles,16552,18817,Shell,https://github.com/lewagon/dotfiles,lewagon,1,2022-12-01T12:47:59Z,Default configuration for Le Wagon's students"
"starter-web,358,18803,ApacheConf,https://github.com/scm-ninja/starter-web,scm-ninja,3,2022-12-05T17:29:50Z,Simple starting point website project based upon Initializr"
"system-design-primer,204936,36868,Python,https://github.com/donnemartin/system-design-primer,donnemartin,166,2022-11-20T11:29:30Z,Learn how to design large-scale systems. Prep for the system design interview.  Includes Anki flashcards."
"awesome-python,148983,22249,Python,https://github.com/vinta/awesome-python,vinta,25,2022-12-06T14:28:05Z,""A curated list of awesome Python frameworks, libraries, software and resources"""
"youtube-dl,115516,8409,Python,https://github.com/ytdl-org/youtube-dl,ytdl-org,3878,2022-12-05T09:13:07Z,Command-line program to download videos from YouTube.com and other video sites"
"thefuck,74757,3297,Python,https://github.com/nvbn/thefuck,nvbn,207,2022-11-21T20:27:05Z,Magnificent app which corrects your previous console command."
"django,67600,28280,Python,https://github.com/django/django,django,0,2022-12-06T21:04:16Z,The Web framework for perfectionists with deadlines."
"HelloGitHub,62094,8360,Python,https://github.com/521xueweihan/HelloGitHub,521xueweihan,62,2022-12-05T07:50:55Z,"":octocat: åˆ†äº« GitHub ä¸Šæœ‰è¶£ã€å…¥é—¨çº§çš„å¼€æºé¡¹ç›®ã€‚Share interesting, entry-level open source projects on GitHub."""
"core,56468,20807,Python,https://github.com/home-assistant/core,home-assistant,1720,2022-12-07T03:35:31Z,:house_with_garden: Open source home automation that puts local control and privacy first."
"ansible,55659,22745,Python,https://github.com/ansible/ansible,ansible,635,2022-12-06T23:15:10Z,""Ansible is a radically simple IT automation platform that makes your applications and systems easier to deploy and maintain. Automate everything from code deployment to network configuration to cloud management, in a language that approaches plain English, using SSH, with no agents to install on remote systems. https://docs.ansible.com."""
"cpython,49335,25139,Python,https://github.com/python/cpython,python,6652,2022-12-07T02:44:48Z,The Python programming language"
"requests,48653,8921,Python,https://github.com/psf/requests,psf,198,2022-11-30T16:28:24Z,""A simple, yet elegant, HTTP library."""
"manim,48530,5150,Python,https://github.com/3b1b/manim,3b1b,350,2022-12-03T18:29:19Z,Animation engine for explanatory math videos"
"you-get,46161,9111,Python,https://github.com/soimort/you-get,soimort,0,2022-11-30T07:07:57Z,:arrow_double_down: Dumb downloader that scrapes the web"
"funNLP,45364,11913,Python,https://github.com/fighting41love/funNLP,fighting41love,10,2022-11-30T05:13:38Z,""ä¸­è‹±æ–‡æ•æ„Ÿè¯ã€è¯­è¨€æ£€æµ‹ã€ä¸­å¤–æ‰‹æœº/ç”µè¯å½’å±åœ°/è¿è¥å•†æŸ¥è¯¢ã€åå­—æ¨æ–­æ€§åˆ«ã€æ‰‹æœºå·æŠ½å–ã€èº«ä»½è¯æŠ½å–ã€é‚®ç®±æŠ½å–ã€ä¸­æ—¥æ–‡äººååº“ã€ä¸­æ–‡ç¼©å†™åº“ã€æ‹†å­—è¯å…¸ã€è¯æ±‡æƒ…æ„Ÿå€¼ã€åœç”¨è¯ã€ååŠ¨è¯è¡¨ã€æš´æè¯è¡¨ã€ç¹ç®€ä½“è½¬æ¢ã€è‹±æ–‡æ¨¡æ‹Ÿä¸­æ–‡å‘éŸ³ã€æ±ªå³°æ­Œè¯ç”Ÿæˆå™¨ã€èŒä¸šåç§°è¯åº“ã€åŒä¹‰è¯åº“ã€åä¹‰è¯åº“ã€å¦å®šè¯åº“ã€æ±½è½¦å“ç‰Œè¯åº“ã€æ±½è½¦é›¶ä»¶è¯åº“ã€è¿ç»­è‹±æ–‡åˆ‡å‰²ã€å„ç§ä¸­æ–‡è¯å‘é‡ã€å…¬å¸åå­—å¤§å…¨ã€å¤è¯—è¯åº“ã€ITè¯åº“ã€è´¢ç»è¯åº“ã€æˆè¯­è¯åº“ã€åœ°åè¯åº“ã€å†å²åäººè¯åº“ã€è¯—è¯è¯åº“ã€åŒ»å­¦è¯åº“ã€é¥®é£Ÿè¯åº“ã€æ³•å¾‹è¯åº“ã€æ±½è½¦è¯åº“ã€åŠ¨ç‰©è¯åº“ã€ä¸­æ–‡èŠå¤©è¯­æ–™ã€ä¸­æ–‡è°£è¨€æ•°æ®ã€ç™¾åº¦ä¸­æ–‡é—®ç­”æ•°æ®é›†ã€å¥å­ç›¸ä¼¼åº¦åŒ¹é…ç®—æ³•é›†åˆã€bertèµ„æºã€æ–‡æœ¬ç”Ÿæˆ&æ‘˜è¦ç›¸å…³å·¥å…·ã€cocoNLPä¿¡æ¯æŠ½å–å·¥å…·ã€å›½å†…ç”µè¯å·ç æ­£åˆ™åŒ¹é…ã€æ¸…åå¤§å­¦XLORE:ä¸­è‹±æ–‡è·¨è¯­è¨€ç™¾ç§‘çŸ¥è¯†å›¾è°±ã€æ¸…åå¤§å­¦äººå·¥æ™ºèƒ½æŠ€æœ¯ç³»åˆ—æŠ¥å‘Šã€è‡ªç„¶è¯­è¨€ç”Ÿæˆã€NLUå¤ªéš¾äº†ç³»åˆ—ã€è‡ªåŠ¨å¯¹è”æ•°æ®åŠæœºå™¨äººã€ç”¨æˆ·åé»‘åå•åˆ—è¡¨ã€ç½ªåæ³•åŠ¡åè¯åŠåˆ†ç±»æ¨¡å‹ã€å¾®ä¿¡å…¬ä¼—å·è¯­æ–™ã€cs224næ·±åº¦å­¦ä¹ è‡ªç„¶è¯­è¨€å¤„ç†è¯¾ç¨‹ã€ä¸­æ–‡æ‰‹å†™æ±‰å­—è¯†åˆ«ã€ä¸­æ–‡è‡ªç„¶è¯­è¨€å¤„ç† è¯­æ–™/æ•°æ®é›†ã€å˜é‡å‘½åç¥å™¨ã€åˆ†è¯è¯­æ–™åº“+ä»£ç ã€ä»»åŠ¡å‹å¯¹è¯è‹±æ–‡æ•°æ®é›†ã€ASR è¯­éŸ³æ•°æ®é›† + åŸºäºæ·±åº¦å­¦ä¹ çš„ä¸­æ–‡è¯­éŸ³è¯†åˆ«ç³»ç»Ÿã€ç¬‘å£°æ£€æµ‹å™¨ã€Microsoftå¤šè¯­è¨€æ•°å­—/å•ä½/å¦‚æ—¥æœŸæ—¶é—´è¯†åˆ«åŒ…ã€ä¸­åæ–°åå­—å…¸æ•°æ®åº“åŠapi(åŒ…æ‹¬å¸¸ç”¨æ­‡åè¯­ã€æˆè¯­ã€è¯è¯­å’Œæ±‰å­—)ã€æ–‡æ¡£å›¾è°±è‡ªåŠ¨ç”Ÿæˆã€SpaCy ä¸­æ–‡æ¨¡å‹ã€Common Voiceè¯­éŸ³è¯†åˆ«æ•°æ®é›†æ–°ç‰ˆã€ç¥ç»ç½‘ç»œå…³ç³»æŠ½å–ã€åŸºäºbertçš„å‘½åå®ä½“è¯†åˆ«ã€å…³é”®è¯(Keyphrase)æŠ½å–åŒ…pkeã€åŸºäºåŒ»ç–—é¢†åŸŸçŸ¥è¯†å›¾è°±çš„é—®ç­”ç³»ç»Ÿã€åŸºäºä¾å­˜å¥æ³•ä¸è¯­ä¹‰è§’è‰²æ ‡æ³¨çš„äº‹ä»¶ä¸‰å…ƒç»„æŠ½å–ã€ä¾å­˜å¥æ³•åˆ†æ4ä¸‡å¥é«˜è´¨é‡æ ‡æ³¨æ•°æ®ã€cnocrï¼šç”¨æ¥åšä¸­æ–‡OCRçš„Python3åŒ…ã€ä¸­æ–‡äººç‰©å…³ç³»çŸ¥è¯†å›¾è°±é¡¹ç›®ã€ä¸­æ–‡nlpç«èµ›é¡¹ç›®åŠä»£ç æ±‡æ€»ã€ä¸­æ–‡å­—ç¬¦æ•°æ®ã€speech-aligner: ä»â€œäººå£°è¯­éŸ³â€åŠå…¶â€œè¯­è¨€æ–‡æœ¬â€äº§ç”ŸéŸ³ç´ çº§åˆ«æ—¶é—´å¯¹é½æ ‡æ³¨çš„å·¥å…·ã€AmpliGraph: çŸ¥è¯†å›¾è°±è¡¨ç¤ºå­¦ä¹ (Python)åº“ï¼šçŸ¥è¯†å›¾è°±æ¦‚å¿µé“¾æ¥é¢„æµ‹ã€Scattertext æ–‡æœ¬å¯è§†åŒ–(python)ã€è¯­è¨€/çŸ¥è¯†è¡¨ç¤ºå·¥å…·ï¼šBERT & ERNIEã€ä¸­æ–‡å¯¹æ¯”è‹±æ–‡è‡ªç„¶è¯­è¨€å¤„ç†NLPçš„åŒºåˆ«ç»¼è¿°ã€Synonymsä¸­æ–‡è¿‘ä¹‰è¯å·¥å…·åŒ…ã€HarvestTexté¢†åŸŸè‡ªé€‚åº”æ–‡æœ¬æŒ–æ˜å·¥å…·ï¼ˆæ–°è¯å‘ç°-æƒ…æ„Ÿåˆ†æ-å®ä½“é“¾æ¥ç­‰ï¼‰ã€word2wordï¼š(Python)æ–¹ä¾¿æ˜“ç”¨çš„å¤šè¯­è¨€è¯-è¯å¯¹é›†ï¼š62ç§è¯­è¨€/3,564ä¸ªå¤šè¯­è¨€å¯¹ã€è¯­éŸ³è¯†åˆ«è¯­æ–™ç”Ÿæˆå·¥å…·ï¼šä»å…·æœ‰éŸ³é¢‘/å­—å¹•çš„åœ¨çº¿è§†é¢‘åˆ›å»ºè‡ªåŠ¨è¯­éŸ³è¯†åˆ«(ASR)è¯­æ–™åº“ã€æ„å»ºåŒ»ç–—å®ä½“è¯†åˆ«çš„æ¨¡å‹ï¼ˆåŒ…å«è¯å…¸å’Œè¯­æ–™æ ‡æ³¨ï¼‰ã€å•æ–‡æ¡£éç›‘ç£çš„å…³é”®è¯æŠ½å–ã€Kashgariä¸­ä½¿ç”¨gpt-2è¯­è¨€æ¨¡å‹ã€å¼€æºçš„é‡‘èæŠ•èµ„æ•°æ®æå–å·¥å…·ã€æ–‡æœ¬è‡ªåŠ¨æ‘˜è¦åº“TextTeaser: ä»…æ”¯æŒè‹±æ–‡ã€äººæ°‘æ—¥æŠ¥è¯­æ–™å¤„ç†å·¥å…·é›†ã€ä¸€äº›å…³äºè‡ªç„¶è¯­è¨€çš„åŸºæœ¬æ¨¡å‹ã€åŸºäº14Wæ­Œæ›²çŸ¥è¯†åº“çš„é—®ç­”å°è¯•--åŠŸèƒ½åŒ…æ‹¬æ­Œè¯æ¥é¾™andå·²çŸ¥æ­Œè¯æ‰¾æ­Œæ›²ä»¥åŠæ­Œæ›²æ­Œæ‰‹æ­Œè¯ä¸‰è§’å…³ç³»çš„é—®ç­”ã€åŸºäºSiamese bilstmæ¨¡å‹çš„ç›¸ä¼¼å¥å­åˆ¤å®šæ¨¡å‹å¹¶æä¾›è®­ç»ƒæ•°æ®é›†å’Œæµ‹è¯•æ•°æ®é›†ã€ç”¨Transformerç¼–è§£ç æ¨¡å‹å®ç°çš„æ ¹æ®Hacker Newsæ–‡ç« æ ‡é¢˜è‡ªåŠ¨ç”Ÿæˆè¯„è®ºã€ç”¨BERTè¿›è¡Œåºåˆ—æ ‡è®°å’Œæ–‡æœ¬åˆ†ç±»çš„æ¨¡æ¿ä»£ç ã€LitBankï¼šNLPæ•°æ®é›†â€”â€”æ”¯æŒè‡ªç„¶è¯­è¨€å¤„ç†å’Œè®¡ç®—äººæ–‡å­¦ç§‘ä»»åŠ¡çš„100éƒ¨å¸¦æ ‡è®°è‹±æ–‡å°è¯´è¯­æ–™ã€ç™¾åº¦å¼€æºçš„åŸºå‡†ä¿¡æ¯æŠ½å–ç³»ç»Ÿã€è™šå‡æ–°é—»æ•°æ®é›†ã€Facebook: LAMAè¯­è¨€æ¨¡å‹åˆ†æï¼Œæä¾›Transformer-XL/BERT/ELMo/GPTé¢„è®­ç»ƒè¯­è¨€æ¨¡å‹çš„ç»Ÿä¸€è®¿é—®æ¥å£ã€CommonsenseQAï¼šé¢å‘å¸¸è¯†çš„è‹±æ–‡QAæŒ‘æˆ˜ã€ä¸­æ–‡çŸ¥è¯†å›¾è°±èµ„æ–™ã€æ•°æ®åŠå·¥å…·ã€å„å¤§å…¬å¸å†…éƒ¨é‡Œå¤§ç‰›åˆ†äº«çš„æŠ€æœ¯æ–‡æ¡£ PDF æˆ–è€… PPTã€è‡ªç„¶è¯­è¨€ç”ŸæˆSQLè¯­å¥ï¼ˆè‹±æ–‡ï¼‰ã€ä¸­æ–‡NLPæ•°æ®å¢å¼ºï¼ˆEDAï¼‰å·¥å…·ã€è‹±æ–‡NLPæ•°æ®å¢å¼ºå·¥å…· ã€åŸºäºåŒ»è¯çŸ¥è¯†å›¾è°±çš„æ™ºèƒ½é—®ç­”ç³»ç»Ÿã€äº¬ä¸œå•†å“çŸ¥è¯†å›¾è°±ã€åŸºäºmongodbå­˜å‚¨çš„å†›äº‹é¢†åŸŸçŸ¥è¯†å›¾è°±é—®ç­”é¡¹ç›®ã€åŸºäºè¿œç›‘ç£çš„ä¸­æ–‡å…³ç³»æŠ½å–ã€è¯­éŸ³æƒ…æ„Ÿåˆ†æã€ä¸­æ–‡ULMFiT-æƒ…æ„Ÿåˆ†æ-æ–‡æœ¬åˆ†ç±»-è¯­æ–™åŠæ¨¡å‹ã€ä¸€ä¸ªæ‹ç…§åšé¢˜ç¨‹åºã€ä¸–ç•Œå„å›½å¤§è§„æ¨¡äººååº“ã€ä¸€ä¸ªåˆ©ç”¨æœ‰è¶£ä¸­æ–‡è¯­æ–™åº“ qingyun è®­ç»ƒå‡ºæ¥çš„ä¸­æ–‡èŠå¤©æœºå™¨äººã€ä¸­æ–‡èŠå¤©æœºå™¨äººseqGANã€çœå¸‚åŒºé•‡è¡Œæ”¿åŒºåˆ’æ•°æ®å¸¦æ‹¼éŸ³æ ‡æ³¨ã€æ•™è‚²è¡Œä¸šæ–°é—»è¯­æ–™åº“åŒ…å«è‡ªåŠ¨æ–‡æ‘˜åŠŸèƒ½ã€å¼€æ”¾äº†å¯¹è¯æœºå™¨äºº-çŸ¥è¯†å›¾è°±-è¯­ä¹‰ç†è§£-è‡ªç„¶è¯­è¨€å¤„ç†å·¥å…·åŠæ•°æ®ã€ä¸­æ–‡çŸ¥è¯†å›¾è°±ï¼šåŸºäºç™¾åº¦ç™¾ç§‘ä¸­æ–‡é¡µé¢-æŠ½å–ä¸‰å…ƒç»„ä¿¡æ¯-æ„å»ºä¸­æ–‡çŸ¥è¯†å›¾è°±ã€masr: ä¸­æ–‡è¯­éŸ³è¯†åˆ«-æä¾›é¢„è®­ç»ƒæ¨¡å‹-é«˜è¯†åˆ«ç‡ã€PythonéŸ³é¢‘æ•°æ®å¢å¹¿åº“ã€ä¸­æ–‡å…¨è¯è¦†ç›–BERTåŠä¸¤ä»½é˜…è¯»ç†è§£æ•°æ®ã€ConvLabï¼šå¼€æºå¤šåŸŸç«¯åˆ°ç«¯å¯¹è¯ç³»ç»Ÿå¹³å°ã€ä¸­æ–‡è‡ªç„¶è¯­è¨€å¤„ç†æ•°æ®é›†ã€åŸºäºæœ€æ–°ç‰ˆæœ¬rasaæ­å»ºçš„å¯¹è¯ç³»ç»Ÿã€åŸºäºTensorFlowå’ŒBERTçš„ç®¡é“å¼å®ä½“åŠå…³ç³»æŠ½å–ã€ä¸€ä¸ªå°å‹çš„è¯åˆ¸çŸ¥è¯†å›¾è°±/çŸ¥è¯†åº“ã€å¤ç›˜æ‰€æœ‰NLPæ¯”èµ›çš„TOPæ–¹æ¡ˆã€OpenCLaPï¼šå¤šé¢†åŸŸå¼€æºä¸­æ–‡é¢„è®­ç»ƒè¯­è¨€æ¨¡å‹ä»“åº“ã€UERï¼šåŸºäºä¸åŒè¯­æ–™+ç¼–ç å™¨+ç›®æ ‡ä»»åŠ¡çš„ä¸­æ–‡é¢„è®­ç»ƒæ¨¡å‹ä»“åº“ã€ä¸­æ–‡è‡ªç„¶è¯­è¨€å¤„ç†å‘é‡åˆé›†ã€åŸºäºé‡‘è-å¸æ³•é¢†åŸŸ(å…¼æœ‰é—²èŠæ€§è´¨)çš„èŠå¤©æœºå™¨äººã€g2pCï¼šåŸºäºä¸Šä¸‹æ–‡çš„æ±‰è¯­è¯»éŸ³è‡ªåŠ¨æ ‡è®°æ¨¡å—ã€Zincbase çŸ¥è¯†å›¾è°±æ„å»ºå·¥å…·åŒ…ã€è¯—æ­Œè´¨é‡è¯„ä»·/ç»†ç²’åº¦æƒ…æ„Ÿè¯—æ­Œè¯­æ–™åº“ã€å¿«é€Ÿè½¬åŒ–ã€Œä¸­æ–‡æ•°å­—ã€å’Œã€Œé˜¿æ‹‰ä¼¯æ•°å­—ã€ã€ç™¾åº¦çŸ¥é“é—®ç­”è¯­æ–™åº“ã€åŸºäºçŸ¥è¯†å›¾è°±çš„é—®ç­”ç³»ç»Ÿã€jieba_fast åŠ é€Ÿç‰ˆçš„jiebaã€æ­£åˆ™è¡¨è¾¾å¼æ•™ç¨‹ã€ä¸­æ–‡é˜…è¯»ç†è§£æ•°æ®é›†ã€åŸºäºBERTç­‰æœ€æ–°è¯­è¨€æ¨¡å‹çš„æŠ½å–å¼æ‘˜è¦æå–ã€Pythonåˆ©ç”¨æ·±åº¦å­¦ä¹ è¿›è¡Œæ–‡æœ¬æ‘˜è¦çš„ç»¼åˆæŒ‡å—ã€çŸ¥è¯†å›¾è°±æ·±åº¦å­¦ä¹ ç›¸å…³èµ„æ–™æ•´ç†ã€ç»´åŸºå¤§è§„æ¨¡å¹³è¡Œæ–‡æœ¬è¯­æ–™ã€StanfordNLP 0.2.0ï¼šçº¯Pythonç‰ˆè‡ªç„¶è¯­è¨€å¤„ç†åŒ…ã€NeuralNLP-NeuralClassifierï¼šè…¾è®¯å¼€æºæ·±åº¦å­¦ä¹ æ–‡æœ¬åˆ†ç±»å·¥å…·ã€ç«¯åˆ°ç«¯çš„å°é—­åŸŸå¯¹è¯ç³»ç»Ÿã€ä¸­æ–‡å‘½åå®ä½“è¯†åˆ«ï¼šNeuroNER vs. BertNERã€æ–°é—»äº‹ä»¶çº¿ç´¢æŠ½å–ã€2019å¹´ç™¾åº¦çš„ä¸‰å…ƒç»„æŠ½å–æ¯”èµ›ï¼šâ€œç§‘å­¦ç©ºé—´é˜Ÿâ€æºç ã€åŸºäºä¾å­˜å¥æ³•çš„å¼€æ”¾åŸŸæ–‡æœ¬çŸ¥è¯†ä¸‰å…ƒç»„æŠ½å–å’ŒçŸ¥è¯†åº“æ„å»ºã€ä¸­æ–‡çš„GPT2è®­ç»ƒä»£ç ã€ML-NLP - æœºå™¨å­¦ä¹ (Machine Learning)NLPé¢è¯•ä¸­å¸¸è€ƒåˆ°çš„çŸ¥è¯†ç‚¹å’Œä»£ç å®ç°ã€nlp4han:ä¸­æ–‡è‡ªç„¶è¯­è¨€å¤„ç†å·¥å…·é›†(æ–­å¥/åˆ†è¯/è¯æ€§æ ‡æ³¨/ç»„å—/å¥æ³•åˆ†æ/è¯­ä¹‰åˆ†æ/NER/Nå…ƒè¯­æ³•/HMM/ä»£è¯æ¶ˆè§£/æƒ…æ„Ÿåˆ†æ/æ‹¼å†™æ£€æŸ¥ã€XLMï¼šFacebookçš„è·¨è¯­è¨€é¢„è®­ç»ƒè¯­è¨€æ¨¡å‹ã€ç”¨åŸºäºBERTçš„å¾®è°ƒå’Œç‰¹å¾æå–æ–¹æ³•æ¥è¿›è¡ŒçŸ¥è¯†å›¾è°±ç™¾åº¦ç™¾ç§‘äººç‰©è¯æ¡å±æ€§æŠ½å–ã€ä¸­æ–‡è‡ªç„¶è¯­è¨€å¤„ç†ç›¸å…³çš„å¼€æ”¾ä»»åŠ¡-æ•°æ®é›†-å½“å‰æœ€ä½³ç»“æœã€CoupletAI - åŸºäºCNN+Bi-LSTM+Attention çš„è‡ªåŠ¨å¯¹å¯¹è”ç³»ç»Ÿã€æŠ½è±¡çŸ¥è¯†å›¾è°±ã€MiningZhiDaoQACorpus - 580ä¸‡ç™¾åº¦çŸ¥é“é—®ç­”æ•°æ®æŒ–æ˜é¡¹ç›®ã€brat rapid annotation tool: åºåˆ—æ ‡æ³¨å·¥å…·ã€å¤§è§„æ¨¡ä¸­æ–‡çŸ¥è¯†å›¾è°±æ•°æ®ï¼š1.4äº¿å®ä½“ã€æ•°æ®å¢å¼ºåœ¨æœºå™¨ç¿»è¯‘åŠå…¶ä»–nlpä»»åŠ¡ä¸­çš„åº”ç”¨åŠæ•ˆæœã€allennlpé˜…è¯»ç†è§£:æ”¯æŒå¤šç§æ•°æ®å’Œæ¨¡å‹ã€PDFè¡¨æ ¼æ•°æ®æå–å·¥å…· ã€ Graphbrainï¼šAIå¼€æºè½¯ä»¶åº“å’Œç§‘ç ”å·¥å…·ï¼Œç›®çš„æ˜¯ä¿ƒè¿›è‡ªåŠ¨æ„ä¹‰æå–å’Œæ–‡æœ¬ç†è§£ä»¥åŠçŸ¥è¯†çš„æ¢ç´¢å’Œæ¨æ–­ã€ç®€å†è‡ªåŠ¨ç­›é€‰ç³»ç»Ÿã€åŸºäºå‘½åå®ä½“è¯†åˆ«çš„ç®€å†è‡ªåŠ¨æ‘˜è¦ã€ä¸­æ–‡è¯­è¨€ç†è§£æµ‹è¯„åŸºå‡†ï¼ŒåŒ…æ‹¬ä»£è¡¨æ€§çš„æ•°æ®é›†&åŸºå‡†æ¨¡å‹&è¯­æ–™åº“&æ’è¡Œæ¦œã€æ ‘æ´ OCR æ–‡å­—è¯†åˆ« ã€ä»åŒ…å«è¡¨æ ¼çš„æ‰«æå›¾ç‰‡ä¸­è¯†åˆ«è¡¨æ ¼å’Œæ–‡å­—ã€è¯­å£°è¿ç§»ã€Pythonå£è¯­è‡ªç„¶è¯­è¨€å¤„ç†å·¥å…·é›†(è‹±æ–‡)ã€ similarityï¼šç›¸ä¼¼åº¦è®¡ç®—å·¥å…·åŒ…ï¼Œjavaç¼–å†™ã€æµ·é‡ä¸­æ–‡é¢„è®­ç»ƒALBERTæ¨¡å‹ ã€Transformers 2.0 ã€åŸºäºå¤§è§„æ¨¡éŸ³é¢‘æ•°æ®é›†Audiosetçš„éŸ³é¢‘å¢å¼º ã€Poplarï¼šç½‘é¡µç‰ˆè‡ªç„¶è¯­è¨€æ ‡æ³¨å·¥å…·ã€å›¾ç‰‡æ–‡å­—å»é™¤ï¼Œå¯ç”¨äºæ¼«ç”»ç¿»è¯‘ ã€186ç§è¯­è¨€çš„æ•°å­—å«æ³•åº“ã€Amazonå‘å¸ƒåŸºäºçŸ¥è¯†çš„äºº-äººå¼€æ”¾é¢†åŸŸå¯¹è¯æ•°æ®é›† ã€ä¸­æ–‡æ–‡æœ¬çº é”™æ¨¡å—ä»£ç ã€ç¹ç®€ä½“è½¬æ¢ ã€ Pythonå®ç°çš„å¤šç§æ–‡æœ¬å¯è¯»æ€§è¯„ä»·æŒ‡æ ‡ã€ç±»ä¼¼äºäººå/åœ°å/ç»„ç»‡æœºæ„åçš„å‘½åä½“è¯†åˆ«æ•°æ®é›† ã€ä¸œå—å¤§å­¦ã€ŠçŸ¥è¯†å›¾è°±ã€‹ç ”ç©¶ç”Ÿè¯¾ç¨‹(èµ„æ–™)ã€. è‹±æ–‡æ‹¼å†™æ£€æŸ¥åº“ ã€ wwsearchæ˜¯ä¼ä¸šå¾®ä¿¡åå°è‡ªç ”çš„å…¨æ–‡æ£€ç´¢å¼•æ“ã€CHAMELEONï¼šæ·±åº¦å­¦ä¹ æ–°é—»æ¨èç³»ç»Ÿå…ƒæ¶æ„ ã€ 8ç¯‡è®ºæ–‡æ¢³ç†BERTç›¸å…³æ¨¡å‹è¿›å±•ä¸åæ€ã€DocSearchï¼šå…è´¹æ–‡æ¡£æœç´¢å¼•æ“ã€ LIDAï¼šè½»é‡äº¤äº’å¼å¯¹è¯æ ‡æ³¨å·¥å…· ã€aili - the fastest in-memory index in the East ä¸œåŠçƒæœ€å¿«å¹¶å‘ç´¢å¼• ã€çŸ¥è¯†å›¾è°±è½¦éŸ³å·¥ä½œé¡¹ç›®ã€è‡ªç„¶è¯­è¨€ç”Ÿæˆèµ„æºå¤§å…¨ ã€ä¸­æ—¥éŸ©åˆ†è¯åº“mecabçš„Pythonæ¥å£åº“ã€ä¸­æ–‡æ–‡æœ¬æ‘˜è¦/å…³é”®è¯æå–ã€æ±‰å­—å­—ç¬¦ç‰¹å¾æå–å™¨ (featurizer)ï¼Œæå–æ±‰å­—çš„ç‰¹å¾ï¼ˆå‘éŸ³ç‰¹å¾ã€å­—å½¢ç‰¹å¾ï¼‰ç”¨åšæ·±åº¦å­¦ä¹ çš„ç‰¹å¾ã€ä¸­æ–‡ç”Ÿæˆä»»åŠ¡åŸºå‡†æµ‹è¯„ ã€ä¸­æ–‡ç¼©å†™æ•°æ®é›†ã€ä¸­æ–‡ä»»åŠ¡åŸºå‡†æµ‹è¯„ - ä»£è¡¨æ€§çš„æ•°æ®é›†-åŸºå‡†(é¢„è®­ç»ƒ)æ¨¡å‹-è¯­æ–™åº“-baseline-å·¥å…·åŒ…-æ’è¡Œæ¦œã€PySS3ï¼šé¢å‘å¯è§£é‡ŠAIçš„SS3æ–‡æœ¬åˆ†ç±»å™¨æœºå™¨å¯è§†åŒ–å·¥å…· ã€ä¸­æ–‡NLPæ•°æ®é›†åˆ—è¡¨ã€COPE - æ ¼å¾‹è¯—ç¼–è¾‘ç¨‹åºã€doccanoï¼šåŸºäºç½‘é¡µçš„å¼€æºååŒå¤šè¯­è¨€æ–‡æœ¬æ ‡æ³¨å·¥å…· ã€PreNLPï¼šè‡ªç„¶è¯­è¨€é¢„å¤„ç†åº“ã€ç®€å•çš„ç®€å†è§£æå™¨ï¼Œç”¨æ¥ä»ç®€å†ä¸­æå–å…³é”®ä¿¡æ¯ã€ç”¨äºä¸­æ–‡é—²èŠçš„GPT2æ¨¡å‹ï¼šGPT2-chitchatã€åŸºäºæ£€ç´¢èŠå¤©æœºå™¨äººå¤šè½®å“åº”é€‰æ‹©ç›¸å…³èµ„æºåˆ—è¡¨(Leaderboardsã€Datasetsã€Papers)ã€(Colab)æŠ½è±¡æ–‡æœ¬æ‘˜è¦å®ç°é›†é”¦(æ•™ç¨‹ ã€è¯è¯­æ‹¼éŸ³æ•°æ®ã€é«˜æ•ˆæ¨¡ç³Šæœç´¢å·¥å…·ã€NLPæ•°æ®å¢å¹¿èµ„æºé›†ã€å¾®è½¯å¯¹è¯æœºå™¨äººæ¡†æ¶ ã€ GitHub Typo Corpusï¼šå¤§è§„æ¨¡GitHubå¤šè¯­è¨€æ‹¼å†™é”™è¯¯/è¯­æ³•é”™è¯¯æ•°æ®é›†ã€TextClusterï¼šçŸ­æ–‡æœ¬èšç±»é¢„å¤„ç†æ¨¡å— Short text clusterã€é¢å‘è¯­éŸ³è¯†åˆ«çš„ä¸­æ–‡æ–‡æœ¬è§„èŒƒåŒ–ã€BLINKï¼šæœ€å…ˆè¿›çš„å®ä½“é“¾æ¥åº“ã€BertPuncï¼šåŸºäºBERTçš„æœ€å…ˆè¿›æ ‡ç‚¹ä¿®å¤æ¨¡å‹ã€Tokenizerï¼šå¿«é€Ÿã€å¯å®šåˆ¶çš„æ–‡æœ¬è¯æ¡åŒ–åº“ã€ä¸­æ–‡è¯­è¨€ç†è§£æµ‹è¯„åŸºå‡†ï¼ŒåŒ…æ‹¬ä»£è¡¨æ€§çš„æ•°æ®é›†ã€åŸºå‡†(é¢„è®­ç»ƒ)æ¨¡å‹ã€è¯­æ–™åº“ã€æ’è¡Œæ¦œã€spaCy åŒ»å­¦æ–‡æœ¬æŒ–æ˜ä¸ä¿¡æ¯æå– ã€ NLPä»»åŠ¡ç¤ºä¾‹é¡¹ç›®ä»£ç é›†ã€ pythonæ‹¼å†™æ£€æŸ¥åº“ã€chatbot-list - è¡Œä¸šå†…å…³äºæ™ºèƒ½å®¢æœã€èŠå¤©æœºå™¨äººçš„åº”ç”¨å’Œæ¶æ„ã€ç®—æ³•åˆ†äº«å’Œä»‹ç»ã€è¯­éŸ³è´¨é‡è¯„ä»·æŒ‡æ ‡(MOSNet, BSSEval, STOI, PESQ, SRMR)ã€ ç”¨138GBè¯­æ–™è®­ç»ƒçš„æ³•æ–‡RoBERTaé¢„è®­ç»ƒè¯­è¨€æ¨¡å‹ ã€BERT-NER-Pytorchï¼šä¸‰ç§ä¸åŒæ¨¡å¼çš„BERTä¸­æ–‡NERå®éªŒã€æ— é“è¯å…¸ - æœ‰é“è¯å…¸çš„å‘½ä»¤è¡Œç‰ˆæœ¬ï¼Œæ”¯æŒè‹±æ±‰äº’æŸ¥å’Œåœ¨çº¿æŸ¥è¯¢ã€2019å¹´NLPäº®ç‚¹å›é¡¾ã€ Chinese medical dialogue data ä¸­æ–‡åŒ»ç–—å¯¹è¯æ•°æ®é›† ã€æœ€å¥½çš„æ±‰å­—æ•°å­—(ä¸­æ–‡æ•°å­—)-é˜¿æ‹‰ä¼¯æ•°å­—è½¬æ¢å·¥å…·ã€ åŸºäºç™¾ç§‘çŸ¥è¯†åº“çš„ä¸­æ–‡è¯è¯­å¤šè¯ä¹‰/ä¹‰é¡¹è·å–ä¸ç‰¹å®šå¥å­è¯è¯­è¯­ä¹‰æ¶ˆæ­§ã€awesome-nlp-sentiment-analysis - æƒ…æ„Ÿåˆ†æã€æƒ…ç»ªåŸå› è¯†åˆ«ã€è¯„ä»·å¯¹è±¡å’Œè¯„ä»·è¯æŠ½å–ã€LineFlowï¼šé¢å‘æ‰€æœ‰æ·±åº¦å­¦ä¹ æ¡†æ¶çš„NLPæ•°æ®é«˜æ•ˆåŠ è½½å™¨ã€ä¸­æ–‡åŒ»å­¦NLPå…¬å¼€èµ„æºæ•´ç† ã€MedQuADï¼š(è‹±æ–‡)åŒ»å­¦é—®ç­”æ•°æ®é›†ã€å°†è‡ªç„¶è¯­è¨€æ•°å­—ä¸²è§£æè½¬æ¢ä¸ºæ•´æ•°å’Œæµ®ç‚¹æ•°ã€Transfer Learning in Natural Language Processing (NLP) ã€é¢å‘è¯­éŸ³è¯†åˆ«çš„ä¸­æ–‡/è‹±æ–‡å‘éŸ³è¾å…¸ã€Tokenizersï¼šæ³¨é‡æ€§èƒ½ä¸å¤šåŠŸèƒ½æ€§çš„æœ€å…ˆè¿›åˆ†è¯å™¨ã€CLUENER ç»†ç²’åº¦å‘½åå®ä½“è¯†åˆ« Fine Grained Named Entity Recognitionã€ åŸºäºBERTçš„ä¸­æ–‡å‘½åå®ä½“è¯†åˆ«ã€ä¸­æ–‡è°£è¨€æ•°æ®åº“ã€NLPæ•°æ®é›†/åŸºå‡†ä»»åŠ¡å¤§åˆ—è¡¨ã€nlpç›¸å…³çš„ä¸€äº›è®ºæ–‡åŠä»£ç , åŒ…æ‹¬ä¸»é¢˜æ¨¡å‹ã€è¯å‘é‡(Word Embedding)ã€å‘½åå®ä½“è¯†åˆ«(NER)ã€æ–‡æœ¬åˆ†ç±»(Text Classificatin)ã€æ–‡æœ¬ç”Ÿæˆ(Text Generation)ã€æ–‡æœ¬ç›¸ä¼¼æ€§(Text Similarity)è®¡ç®—ç­‰ï¼Œæ¶‰åŠåˆ°å„ç§ä¸nlpç›¸å…³çš„ç®—æ³•ï¼ŒåŸºäºkeraså’Œtensorflow ã€Pythonæ–‡æœ¬æŒ–æ˜/NLPå®æˆ˜ç¤ºä¾‹ã€ Blackstoneï¼šé¢å‘éç»“æ„åŒ–æ³•å¾‹æ–‡æœ¬çš„spaCy pipelineå’ŒNLPæ¨¡å‹é€šè¿‡åŒä¹‰è¯æ›¿æ¢å®ç°æ–‡æœ¬â€œå˜è„¸â€ ã€ä¸­æ–‡ é¢„è®­ç»ƒ ELECTREA æ¨¡å‹: åŸºäºå¯¹æŠ—å­¦ä¹  pretrain Chinese Model ã€albert-chinese-ner - ç”¨é¢„è®­ç»ƒè¯­è¨€æ¨¡å‹ALBERTåšä¸­æ–‡NER ã€åŸºäºGPT2çš„ç‰¹å®šä¸»é¢˜æ–‡æœ¬ç”Ÿæˆ/æ–‡æœ¬å¢å¹¿ã€å¼€æºé¢„è®­ç»ƒè¯­è¨€æ¨¡å‹åˆé›†ã€å¤šè¯­è¨€å¥å‘é‡åŒ…ã€ç¼–ç ã€æ ‡è®°å’Œå®ç°ï¼šä¸€ç§å¯æ§é«˜æ•ˆçš„æ–‡æœ¬ç”Ÿæˆæ–¹æ³•ã€ è‹±æ–‡è„è¯å¤§åˆ—è¡¨ ã€attnvisï¼šGPT2ã€BERTç­‰transformerè¯­è¨€æ¨¡å‹æ³¨æ„åŠ›äº¤äº’å¯è§†åŒ–ã€CoVoSTï¼šFacebookå‘å¸ƒçš„å¤šè¯­ç§è¯­éŸ³-æ–‡æœ¬ç¿»è¯‘è¯­æ–™åº“ï¼ŒåŒ…æ‹¬11ç§è¯­è¨€(æ³•è¯­ã€å¾·è¯­ã€è·å…°è¯­ã€ä¿„è¯­ã€è¥¿ç­ç‰™è¯­ã€æ„å¤§åˆ©è¯­ã€åœŸè€³å…¶è¯­ã€æ³¢æ–¯è¯­ã€ç‘å…¸è¯­ã€è’™å¤è¯­å’Œä¸­æ–‡)çš„è¯­éŸ³ã€æ–‡å­—è½¬å½•åŠè‹±æ–‡è¯‘æ–‡ã€Jiaguè‡ªç„¶è¯­è¨€å¤„ç†å·¥å…· - ä»¥BiLSTMç­‰æ¨¡å‹ä¸ºåŸºç¡€ï¼Œæä¾›çŸ¥è¯†å›¾è°±å…³ç³»æŠ½å– ä¸­æ–‡åˆ†è¯ è¯æ€§æ ‡æ³¨ å‘½åå®ä½“è¯†åˆ« æƒ…æ„Ÿåˆ†æ æ–°è¯å‘ç° å…³é”®è¯ æ–‡æœ¬æ‘˜è¦ æ–‡æœ¬èšç±»ç­‰åŠŸèƒ½ã€ç”¨unetå®ç°å¯¹æ–‡æ¡£è¡¨æ ¼çš„è‡ªåŠ¨æ£€æµ‹ï¼Œè¡¨æ ¼é‡å»ºã€NLPäº‹ä»¶æå–æ–‡çŒ®èµ„æºåˆ—è¡¨ ã€ é‡‘èé¢†åŸŸè‡ªç„¶è¯­è¨€å¤„ç†ç ”ç©¶èµ„æºå¤§åˆ—è¡¨ã€CLUEDatasetSearch - ä¸­è‹±æ–‡NLPæ•°æ®é›†ï¼šæœç´¢æ‰€æœ‰ä¸­æ–‡NLPæ•°æ®é›†ï¼Œé™„å¸¸ç”¨è‹±æ–‡NLPæ•°æ®é›† ã€medical_NER - ä¸­æ–‡åŒ»å­¦çŸ¥è¯†å›¾è°±å‘½åå®ä½“è¯†åˆ« ã€(å“ˆä½›)è®²å› æœæ¨ç†çš„å…è´¹ä¹¦ã€çŸ¥è¯†å›¾è°±ç›¸å…³å­¦ä¹ èµ„æ–™/æ•°æ®é›†/å·¥å…·èµ„æºå¤§åˆ—è¡¨ã€Forteï¼šçµæ´»å¼ºå¤§çš„è‡ªç„¶è¯­è¨€å¤„ç†pipelineå·¥å…·é›† ã€Pythonå­—ç¬¦ä¸²ç›¸ä¼¼æ€§ç®—æ³•åº“ã€PyLaiaï¼šé¢å‘æ‰‹å†™æ–‡æ¡£åˆ†æçš„æ·±åº¦å­¦ä¹ å·¥å…·åŒ…ã€TextFoolerï¼šé’ˆå¯¹æ–‡æœ¬åˆ†ç±»/æ¨ç†çš„å¯¹æŠ—æ–‡æœ¬ç”Ÿæˆæ¨¡å—ã€Haystackï¼šçµæ´»ã€å¼ºå¤§çš„å¯æ‰©å±•é—®ç­”(QA)æ¡†æ¶ã€ä¸­æ–‡å…³é”®çŸ­è¯­æŠ½å–å·¥å…·"""
"big-list-of-naughty-strings,44224,2105,Python,https://github.com/minimaxir/big-list-of-naughty-strings,minimaxir,60,2022-11-22T09:39:18Z,The Big List of Naughty Strings is a list of strings which have a high probability of causing issues when used as user-input data."
"openpilot,37726,6823,Python,https://github.com/commaai/openpilot,commaai,191,2022-12-07T03:35:38Z,openpilot is an open source driver assistance system. openpilot performs the functions of Automated Lane Centering and Adaptive Cruise Control for over 200 supported car makes and models."
"sherlock,37639,4442,Python,https://github.com/sherlock-project/sherlock,sherlock-project,97,2022-12-05T23:02:10Z,ğŸ” Hunt down social media accounts by username across social networks"
"d2l-zh,36663,8260,Python,https://github.com/d2l-ai/d2l-zh,d2l-ai,0,2022-12-06T23:36:30Z,ã€ŠåŠ¨æ‰‹å­¦æ·±åº¦å­¦ä¹ ã€‹ï¼šé¢å‘ä¸­æ–‡è¯»è€…ã€èƒ½è¿è¡Œã€å¯è®¨è®ºã€‚ä¸­è‹±æ–‡ç‰ˆè¢«60å¤šä¸ªå›½å®¶çš„400å¤šæ‰€å¤§å­¦ç”¨äºæ•™å­¦ã€‚"
"pandas,36165,15473,Python,https://github.com/pandas-dev/pandas,pandas-dev,3535,2022-12-07T02:36:49Z,""Flexible and powerful data analysis / manipulation library for Python, providing labeled data structures similar to R data.frame objects, statistical functions, and much more"""
"yt-dlp,35913,2959,Python,https://github.com/yt-dlp/yt-dlp,yt-dlp,764,2022-12-07T00:59:34Z,A youtube-dl fork with additional features and fixes"
"sentry,32733,3669,Python,https://github.com/getsentry/sentry,getsentry,545,2022-12-07T03:51:03Z,Developer-first error tracking and performance monitoring"
"bert,32693,8945,Python,https://github.com/google-research/bert,google-research,771,2022-11-22T07:39:15Z,TensorFlow code and pre-trained models for BERT"
"wtfpython,32033,2524,Python,https://github.com/satwikkansal/wtfpython,satwikkansal,53,2022-12-05T03:47:50Z,What the f*ck Python? ğŸ˜±"
"12306,30717,9406,Python,https://github.com/testerSunshine/12306,testerSunshine,213,2022-11-21T21:36:52Z,12306æ™ºèƒ½åˆ·ç¥¨ï¼Œè®¢ç¥¨"
"certbot,29471,3293,Python,https://github.com/certbot/certbot,certbot,490,2022-12-05T22:25:11Z,Certbot is EFF's tool to obtain certs from Let's Encrypt and (optionally) auto-enable HTTPS on your server.  It can also act as a client for any other CA that uses the ACME protocol."
"gym,29214,8086,Python,https://github.com/openai/gym,openai,28,2022-11-23T06:34:20Z,A toolkit for developing and comparing reinforcement learning algorithms."
"airflow,28368,11635,Python,https://github.com/apache/airflow,apache,702,2022-12-07T02:49:01Z,""Apache Airflow - A platform to programmatically author, schedule, and monitor workflows"""
"diagrams,27353,1669,Python,https://github.com/mingrammer/diagrams,mingrammer,227,2022-12-05T06:32:23Z,:art: Diagram as Code for prototyping cloud system architectures"
"Python,26804,11279,Python,https://github.com/geekcomputers/Python,geekcomputers,187,2022-12-06T07:03:27Z,My Python Examples"
"sqlmap,25456,5056,Python,https://github.com/sqlmapproject/sqlmap,sqlmapproject,51,2022-12-06T10:55:20Z,Automatic SQL injection and database takeover tool"
"Detectron,25445,5480,Python,https://github.com/facebookresearch/Detectron,facebookresearch,306,2021-08-30T20:51:37Z,""FAIR's research platform for object detection research, implementing popular algorithms like Mask R-CNN and RetinaNet."""
"GFPGAN,24986,3770,Python,https://github.com/TencentARC/GFPGAN,TencentARC,166,2022-11-21T00:06:48Z,GFPGAN aims at developing Practical Algorithms for Real-world Face Restoration."
"YouCompleteMe,24440,2785,Python,https://github.com/ycm-core/YouCompleteMe,ycm-core,2,2022-12-05T02:35:39Z,A code-completion engine for Vim"
"stable-diffusion-webui,23927,4332,Python,https://github.com/AUTOMATIC1111/stable-diffusion-webui,AUTOMATIC1111,1361,2022-12-07T01:11:24Z,Stable Diffusion web UI"
"python-fire,23436,1353,Python,https://github.com/google/python-fire,google,102,2022-11-28T21:49:17Z,Python Fire is a library for automatically generating command line interfaces (CLIs) from absolutely any Python object."
"detectron2,23030,6273,Python,https://github.com/facebookresearch/detectron2,facebookresearch,273,2022-12-06T06:31:38Z,""Detectron2 is a platform for object detection, segmentation and other visual recognition tasks."""
"poetry,22841,1849,Python,https://github.com/python-poetry/poetry,python-poetry,552,2022-12-06T00:41:09Z,Python packaging and dependency management made easy"
"pytorch-image-models,22388,3727,Python,https://github.com/rwightman/pytorch-image-models,rwightman,63,2022-12-07T01:49:58Z,""PyTorch image models, scripts, pretrained weights -- ResNet, ResNeXT, EfficientNet, EfficientNetV2, NFNet, Vision Transformer, MixNet, MobileNet-V3/V2, RegNet, DPN, CSPNet, and more"""
"CheatSheetSeries,22340,3220,Python,https://github.com/OWASP/CheatSheetSeries,OWASP,22,2022-12-06T19:13:53Z,The OWASP Cheat Sheet Series was created to provide a concise collection of high value information on specific application security topics."
"numpy,22134,7583,Python,https://github.com/numpy/numpy,numpy,1965,2022-12-07T01:57:29Z,The fundamental package for scientific computing with Python."
"algorithms,21903,4420,Python,https://github.com/keon/algorithms,keon,59,2022-11-12T04:54:30Z,Minimal examples of data structures and algorithms in Python"
"glances,21868,1336,Python,https://github.com/nicolargo/glances,nicolargo,238,2022-11-20T17:58:22Z,""Glances an Eye on your system. A top/htop alternative for GNU/Linux, BSD, Mac OS and Windows operating systems."""
"cascadia-code,21507,717,Python,https://github.com/microsoft/cascadia-code,microsoft,100,2022-12-06T01:05:48Z,""This is a fun, new monospaced font that includes programming ligatures and is designed to enhance the modern look and feel of the Windows Terminal."""
"NLP-progress,21133,3538,Python,https://github.com/sebastianruder/NLP-progress,sebastianruder,32,2022-12-01T13:01:59Z,""Repository to track the progress in Natural Language Processing (NLP), including the datasets and the current state-of-the-art for the most common NLP tasks."""
"tornado,20891,5484,Python,https://github.com/tornadoweb/tornado,tornadoweb,193,2022-11-28T03:08:53Z,""Tornado is a Python web framework and asynchronous networking library, originally developed at FriendFeed."""
"python-telegram-bot,20364,4496,Python,https://github.com/python-telegram-bot/python-telegram-bot,python-telegram-bot,12,2022-12-06T17:20:31Z,We have made you a wrapper you can't refuse"
"locust,20264,2592,Python,https://github.com/locustio/locust,locustio,11,2022-12-06T22:09:13Z,Scalable load testing tool written in Python"
"freqtrade,20028,4244,Python,https://github.com/freqtrade/freqtrade,freqtrade,44,2022-12-06T23:02:37Z,""Free, open source crypto trading bot"""
"wttr.in,19992,957,Python,https://github.com/chubin/wttr.in,chubin,212,2022-12-06T18:38:09Z,:partly_sunny: The right way to check the weather"
"macOS-Security-and-Privacy-Guide,19722,1403,Python,https://github.com/drduh/macOS-Security-and-Privacy-Guide,drduh,15,2022-10-21T14:04:22Z,Guide to securing and improving privacy on macOS"
"vnpy,19595,7590,Python,https://github.com/vnpy/vnpy,vnpy,9,2022-11-06T02:28:59Z,åŸºäºPythonçš„å¼€æºé‡åŒ–äº¤æ˜“å¹³å°å¼€å‘æ¡†æ¶"
"pytorch-CycleGAN-and-pix2pix,18860,5587,Python,https://github.com/junyanz/pytorch-CycleGAN-and-pix2pix,junyanz,441,2022-11-30T18:52:25Z,Image-to-Image Translation in PyTorch"
"labelImg,18835,5692,Python,https://github.com/heartexlabs/labelImg,heartexlabs,363,2022-12-05T07:42:44Z,""LabelImg is now part of the Label Studio community. The popular image annotation tool created by Tzutalin is no longer actively being developed, but you can check out Label Studio, the open source data labeling tool for images, text, hypertext, audio, video and time-series data."""
"cookiecutter,18527,1760,Python,https://github.com/cookiecutter/cookiecutter,cookiecutter,187,2022-12-06T19:04:48Z,""A cross-platform command-line utility that creates projects from cookiecutters (project templates), e.g. Python package projects, C projects."""
"magenta,18050,3686,Python,https://github.com/magenta/magenta,magenta,319,2022-11-26T08:01:22Z,Magenta: Music and Art Generation with Machine Intelligence"
"30-Days-Of-Python,16989,3897,Python,https://github.com/Asabeneh/30-Days-Of-Python,Asabeneh,54,2022-12-05T10:40:54Z,""30 days of Python programming challenge is a step-by-step guide to learn the Python programming language in 30 days. This challenge may take more than100 days, follow your own pace. """
"Gooey,16938,923,Python,https://github.com/chriskiehl/Gooey,chriskiehl,114,2022-11-11T02:51:14Z,Turn (almost) any Python command line program into a full GUI application with one line"
"zulip,16845,5742,Python,https://github.com/zulip/zulip,zulip,1728,2022-12-07T03:27:05Z,Zulip server and web application. Open-source team chat that helps teams stay productive and focused."
"jina,16831,1992,Python,https://github.com/jina-ai/jina,jina-ai,26,2022-12-06T20:27:35Z,ğŸ”® Build multimodal AI services via cloud native technologies Â· Neural Search Â· Generative AI Â· Cloud Native"
"Real-ESRGAN,16788,1791,Python,https://github.com/xinntao/Real-ESRGAN,xinntao,290,2022-11-27T18:11:41Z,Real-ESRGAN aims at developing Practical Algorithms for General Image/Video Restoration."
"kitty,16785,771,Python,https://github.com/kovidgoyal/kitty,kovidgoyal,15,2022-12-07T01:19:02Z,""Cross-platform, fast, feature-rich, GPU based terminal"""
"matplotlib,16507,6630,Python,https://github.com/matplotlib/matplotlib,matplotlib,1571,2022-12-07T01:55:45Z,matplotlib: plotting with Python"
"EasyOCR,16459,2374,Python,https://github.com/JaidedAI/EasyOCR,JaidedAI,141,2022-12-06T15:16:53Z,""Ready-to-use OCR with 80+ supported languages and all popular writing scripts including Latin, Chinese, Arabic, Devanagari, Cyrillic and etc."""
"reddit,16249,2902,Python,https://github.com/reddit-archive/reddit,reddit-archive,0,2017-10-17T19:57:07Z,historical code from reddit.com"
"d2l-en,15703,3427,Python,https://github.com/d2l-ai/d2l-en,d2l-ai,59,2022-12-06T21:32:30Z,""Interactive deep learning book with multi-framework code, math, and discussions. Adopted at 400 universities from 60 countries including Stanford, MIT, Harvard, and Cambridge."""
"ungoogled-chromium,15670,723,Python,https://github.com/ungoogled-software/ungoogled-chromium,ungoogled-software,108,2022-12-06T17:43:22Z,""Google Chromium, sans integration with Google"""
"game-programmer,15488,1904,Python,https://github.com/miloyip/game-programmer,miloyip,23,2022-01-08T07:13:20Z,A Study Path for Game Programmer"
"mkdocs,15432,2117,Python,https://github.com/mkdocs/mkdocs,mkdocs,103,2022-11-29T13:27:22Z,Project documentation with Markdown."
"Summer2023-Internships,15370,1632,Python,https://github.com/pittcsc/Summer2023-Internships,pittcsc,0,2022-12-05T23:08:14Z,Collection of Summer 2023 tech internships!"
"avatarify-python,15281,2354,Python,https://github.com/alievk/avatarify-python,alievk,136,2022-12-03T23:21:54Z,""Avatars for Zoom, Skype and other video-conferencing apps."""
"kivy,15265,2961,Python,https://github.com/kivy/kivy,kivy,878,2022-12-03T19:11:35Z,""Open source UI framework written in Python, running on Windows, Linux, macOS, Android and iOS"""
"pyscript,15042,1104,Python,https://github.com/pyscript/pyscript,pyscript,120,2022-12-06T19:36:05Z,Home Page: https://pyscript.net  Examples: https://pyscript.net/examples"
"datasets,14856,1932,Python,https://github.com/huggingface/datasets,huggingface,436,2022-12-06T17:31:56Z,""ğŸ¤— The largest hub of ready-to-use datasets for ML models with fast, easy-to-use and efficient data manipulation tools"""
"InstaPy,14837,3664,Python,https://github.com/InstaPy/InstaPy,InstaPy,388,2022-12-06T02:10:56Z,ğŸ“· Instagram Bot - Tool for automated Instagram interactions"
"awesome-python-login-model,14731,3165,Python,https://github.com/Kr1s77/awesome-python-login-model,Kr1s77,55,2022-07-26T16:22:57Z,ğŸ˜®pythonæ¨¡æ‹Ÿç™»é™†ä¸€äº›å¤§å‹ç½‘ç«™ï¼Œè¿˜æœ‰ä¸€äº›ç®€å•çš„çˆ¬è™«ï¼Œå¸Œæœ›å¯¹ä½ ä»¬æœ‰æ‰€å¸®åŠ©â¤ï¸ï¼Œå¦‚æœå–œæ¬¢è®°å¾—ç»™ä¸ªstarå“¦ğŸŒŸ"
"inter,14695,359,Python,https://github.com/rsms/inter,rsms,76,2022-10-24T16:33:20Z,The Inter font family"
"ArchiveBox,14668,857,Python,https://github.com/ArchiveBox/ArchiveBox,ArchiveBox,151,2022-12-05T05:48:44Z,""ğŸ—ƒ Open source self-hosted web archiving. Takes URLs/browser history/bookmarks/Pocket/Pinboard/etc., saves HTML, JS, PDFs, media, and more..."""
"autojump,14429,676,Python,https://github.com/wting/autojump,wting,156,2022-10-15T06:28:08Z,A cd command that learns - easily navigate directories from the command line"
"Shadowrocket-ADBlock-Rules,14173,2293,Python,https://github.com/h2y/Shadowrocket-ADBlock-Rules,h2y,69,2021-04-12T16:11:40Z,æä¾›å¤šæ¬¾ Shadowrocket è§„åˆ™ï¼Œå¸¦å¹¿å‘Šè¿‡æ»¤åŠŸèƒ½ã€‚ç”¨äº iOS æœªè¶Šç‹±è®¾å¤‡é€‰æ‹©æ€§åœ°è‡ªåŠ¨ç¿»å¢™ã€‚"
"neural-networks-and-deep-learning,13874,6143,Python,https://github.com/mnielsen/neural-networks-and-deep-learning,mnielsen,0,2022-09-16T16:45:03Z,""Code samples for my book """"Neural Networks and Deep Learning"""""""
"wechat_jump_game,13865,4427,Python,https://github.com/wangshub/wechat_jump_game,wangshub,30,2022-11-22T02:04:23Z,å¾®ä¿¡ã€Šè·³ä¸€è·³ã€‹Python è¾…åŠ©"
"gensim,13765,4294,Python,https://github.com/RaRe-Technologies/gensim,RaRe-Technologies,360,2022-12-07T03:09:50Z,Topic Modelling for Humans"
"onnx,13752,3198,Python,https://github.com/onnx/onnx,onnx,253,2022-12-06T16:22:43Z,Open standard for machine learning interoperability"
"fabric,13751,1910,Python,https://github.com/fabric/fabric,fabric,402,2022-12-05T13:55:18Z,""Simple, Pythonic remote execution and deployment."""
"GitHub520,13728,1544,Python,https://github.com/521xueweihan/GitHub520,521xueweihan,4,2022-12-07T02:30:51Z,:kissing_heart: è®©ä½ â€œçˆ±â€ä¸Š GitHubï¼Œè§£å†³è®¿é—®æ—¶å›¾è£‚ã€åŠ è½½æ…¢çš„é—®é¢˜ã€‚ï¼ˆæ— éœ€å®‰è£…ï¼‰"
"wagtail,13633,2906,Python,https://github.com/wagtail/wagtail,wagtail,820,2022-12-07T03:44:01Z,A Django content management system focused on flexibility and user experience"
"powerline,13609,1003,Python,https://github.com/powerline/powerline,powerline,189,2022-11-30T23:06:07Z,""Powerline is a statusline plugin for vim, and provides statuslines and prompts for several other applications, including zsh, bash, tmux, IPython, Awesome and Qtile."""
"dalle-mini,13391,1005,Python,https://github.com/borisdayma/dalle-mini,borisdayma,75,2022-11-09T18:18:30Z,DALLÂ·E Mini - Generate images from a text prompt"
"PyTorch-GAN,13314,3664,Python,https://github.com/eriklindernoren/PyTorch-GAN,eriklindernoren,99,2022-10-24T12:28:43Z,PyTorch implementations of Generative Adversarial Networks."
"deep-learning-for-image-processing,13278,5961,Python,https://github.com/WZMIAOMIAO/deep-learning-for-image-processing,WZMIAOMIAO,10,2022-11-20T03:52:47Z,deep learning for image processing including classification and object-detection etc."
"click,13246,1298,Python,https://github.com/pallets/click,pallets,80,2022-12-06T00:34:46Z,Python composable command line interface toolkit"
"mlflow,13162,3070,Python,https://github.com/mlflow/mlflow,mlflow,851,2022-12-07T03:22:22Z,Open source platform for the machine learning lifecycle"
"DeDRM_tools,13088,1282,Python,https://github.com/apprenticeharper/DeDRM_tools,apprenticeharper,770,2022-11-20T16:44:09Z,DeDRM tools for ebooks"
"stylegan,13056,3016,Python,https://github.com/NVlabs/stylegan,NVlabs,0,2022-08-22T00:04:07Z,StyleGAN - Official TensorFlow Implementation"
"horovod,12876,2142,Python,https://github.com/horovod/horovod,horovod,337,2022-12-07T00:49:36Z,""Distributed training framework for TensorFlow, Keras, PyTorch, and Apache MXNet."""
"requests-html,12831,913,Python,https://github.com/psf/requests-html,psf,167,2022-11-01T22:17:23Z,Pythonic HTML Parsing for Humansâ„¢"
"the-gan-zoo,12805,2440,Python,https://github.com/hindupuravinash/the-gan-zoo,hindupuravinash,16,2022-11-22T02:53:12Z,A list of all named GANs!"
"plotly.py,12563,2248,Python,https://github.com/plotly/plotly.py,plotly,1226,2022-12-06T17:38:02Z,The interactive graphing library for Python (includes Plotly Express) :sparkles:"
"ranger,12502,814,Python,https://github.com/ranger/ranger,ranger,666,2022-12-03T12:01:27Z,A VIM-inspired filemanager for the console"
"wtfpython-cn,12331,2075,Python,https://github.com/leisurelicht/wtfpython-cn,leisurelicht,5,2022-11-15T08:18:54Z,wtfpythonçš„ä¸­æ–‡ç¿»è¯‘/æ–½å·¥ç»“æŸ/ èƒ½åŠ›æœ‰é™ï¼Œæ¬¢è¿å¸®æˆ‘æ”¹è¿›ç¿»è¯‘"
"erpnext,12325,4991,Python,https://github.com/frappe/erpnext,frappe,1107,2022-12-06T18:05:11Z,Free and Open Source Enterprise Resource Planning (ERP)"
